positionError,rangeError,velocityError,azimuthError,elevationError,dopplerPeakPower,dopplerpeakToAverage,isLos
1.76738322548983,1.81970818202331,0.111539859288217,0,0,6.78325791892527e-05,22.7195341488166,1
0.0294380843911253,0.121073047529421,0.110898085571351,0,0,1.7519348424105e-05,16.0728618019766,1
0.165520528937864,0.0691211312939117,0.28964785028262,0,0,3.87781586142064e-05,19.6047757473656,1
0.815849968965068,0.89949347832345,0.484117541333873,0,0,2.97787944187311e-05,20.0759071085706,1
1.12450620834992,1.04212345986082,0.759330821908771,0,0,2.43734137819807e-05,20.5453522486141,1
0.800190475638516,0.888180695023266,0.164203871037206,0,0,4.05184493837657e-06,17.5424668339013,1
0.997759749413818,0.904146692252368,0.182365567690844,0,0,7.3903218408453e-06,18.7364405650379,1
1.13815061669268,1.22731501127771,0.111855605517944,0,0,1.66448739719156e-05,20.2940917035185,1
0.0985234390139351,0.0256838512459012,0.170234482277253,0,0,2.49404010329702e-05,21.3241020473331,1
1.77299293602254,1.70954708846662,0.0516454629249647,0,0,2.10457143807812e-05,18.6886557856359,1
0.921433714083765,0.987061598718924,0.374511456872426,0,0,9.06752804326062e-05,21.7570436500188,1
0.986947706264517,0.925209365813004,0.252823560980331,0,0,5.63216271420175e-05,21.8518639011926,1
1.78120029584955,1.69898214933693,0.109513048345718,0,0,6.93392534881617e-05,20.8181530689898,1
0.00844065636289485,0.0943211924658272,0.0769914795337776,0,0,4.3179823448767e-05,22.025915362771,1
0.880941081166487,0.973218117827003,0.138962617481702,0,0,5.99686889899463e-05,21.8888629619133,1
0.0382363182843298,0.108716432095491,0.276001779565724,0,0,0.000112198138460033,23.52980084057,1
0.0617049582210224,0.0264211616327543,0.536899184262873,0,0,3.76802262620524e-05,22.3134913363816,1
0.027435923188947,0.089184855956006,0.722634829295124,0,0,0.000134364191317816,24.1094086629664,1
0.0962027599587884,0.0160308336416506,0.0702496809557278,0,0,5.14286095489981e-05,18.7947948043783,1
1.81605986940713,1.8835360306158,0.407133723398637,0,0,4.18048752959211e-05,18.8603608569966,1
0.138596252179417,0.194113105482984,0.478896973236453,0,0,8.53144515743116e-05,25.7513299358575,1
0.943878061718288,0.853255858332489,0.124142037956983,0,0,2.44451003691434e-05,14.5579461186019,1
0.109281105036046,0.182659377513517,0.471271328472358,0,0,4.89717025538238e-05,23.0438398323002,1
0.168266068840302,0.255697236309629,0.516140486835077,0,0,1.94811592807381e-05,18.6970838573343,1
1.14591466065944,1.21072930518747,0.123895354720055,0,0,0.000100630544332497,21.1272905150585,1
1.15915056568654,1.09282695135926,0.282820812746936,0,0,2.81495669173104e-05,20.6344239932355,1
0.883727200985309,0.963510284373285,0.254481131377638,0,0,0.000175090341656844,22.6250894154738,1
0.858235030472976,0.956562906588431,0.499806601435264,0,0,2.9817661098221e-05,21.8899475500268,1
0.144583406703569,0.217997978136395,0.399724166267355,0,0,7.77306130566232e-05,22.7024100403777,1
0.13478021680447,0.208868522318113,0.441945078724146,0,0,1.64462270613662e-05,15.7281228194238,1
0.16206898961354,0.248679854659031,0.426347171931837,0,0,1.54212415434445e-05,17.0895907007951,1
0.0316918085412157,0.0511801262681502,0.49807226730228,0,0,4.35121061163806e-05,22.8719248040547,1
0.0308406462990146,0.0512899809966711,0.633955927895594,0,0,3.37761543170852e-05,22.8949158126388,1
0.0215256871308445,0.0540910866950526,0.725516928323629,0,0,5.08391254243945e-05,21.0204164758517,1
0.897574869069346,0.81087577960551,0.506274629984188,0,0,1.00701833590125e-05,14.0669692907368,1
0.103938917012194,0.163462207216526,0.437808358132003,0,0,0.000278032983123595,24.5414911091974,1
1.64766445399055,1.56694561886013,0.783997896873791,0,0,3.41461758345419e-06,16.1445879304477,1
0.165323497247727,0.250179025454145,0.737976642074709,0,0,2.4063570878774e-05,14.4183841212379,1
1.01835336985265,1.08300337951667,0.719510904535891,0,0,5.93095147017251e-05,23.0753705132521,1
1.87165371939003,1.80174914977658,0.446911421335507,0,0,7.50416046062702e-05,20.9535530475705,1
0.976358001683535,1.03517102074053,0.744221357025786,0,0,3.81353619066982e-05,23.1192795515673,1
1.05145686429936,1.12074005982691,0.218835811828743,0,0,2.11222155204549e-05,20.5624912788787,1
0.0801889169772333,0.171638526066147,0.62046634135649,0,0,1.4146935624486e-05,18.2773809459897,1
0.0551562016210317,0.00745077217845846,0.492013691745687,0,0,7.33121608168282e-05,24.4459484881161,1
1.78919120991185,1.86308537806491,0.368555646452656,0,0,6.29513120500728e-05,20.5466509551709,1
0.923760023984489,0.865234470195162,0.575703079475272,0,0,0.000244476941328376,23.3003848164791,1
0.0369026982894145,0.0341868029845216,0.250011236460738,0,0,0.000105235766302977,23.7598479054973,1
1.04731837520131,1.1171640512699,0.00208482051068515,0,0,0.000114989105584202,22.1397442934108,1
0.801800729238696,0.875819077006213,0.71686080893047,0,0,3.76150626028597e-05,17.2102548040563,1
0.182539417187866,0.278395359022511,0.101499592591146,0,0,1.39646369119546e-05,14.3086459026158,1
0.117683915152766,0.0445363244251098,0.105387299434654,0,0,6.41844574037845e-06,14.3449413295637,1
1.04980582146229,1.1362777137,0.313187865944341,0,0,3.28350899231176e-05,21.2078749454192,1
1.01428990383759,0.947475593946848,0.525634227265791,0,0,3.21114262521231e-05,21.7508340428156,1
0.859613222278122,0.933098562168567,0.326508683088416,0,0,2.08209634252852e-05,19.2173181180092,1
1.13026531636085,1.21736633725203,0.706153295195324,0,0,6.08345897234133e-05,15.2012399783845,1
1.06502619390227,1.1236917380925,0.753271083463073,0,0,2.15505881306789e-05,17.820350634979,1
0.157241174889,0.0678159526004265,0.471662488763253,0,0,5.61916373570698e-05,18.4067652356657,1
0.995540130287569,1.08046248340429,0.55786411477342,0,0,4.8439029252844e-06,15.9887043326763,1
1.83766602690581,1.74448054905901,0.217374542329679,0,0,1.48721696662638e-05,10.6716321675906,1
0.881365841920173,0.794226662234166,0.634507690951762,0,0,7.15717724739286e-06,12.2811736190372,1
0.129190248363782,0.0495447744734747,0.500914460769952,0,0,3.31468147155599e-05,19.9868309521144,1
0.918752473260951,0.836255696514854,0.406348336062434,0,0,3.64821425057952e-05,22.1994474682563,1
1.13442027938785,1.04042896679971,3.38252824322266,0,0,1.15249668428018e-06,11.7520793160262,1
1.60116572836139,1.51003756217142,0.207787722181455,0,0,3.96697734633381e-06,13.7012709746076,1
1.76708928774676,1.86137891212644,0.187971254615097,0,0,4.7447449097166e-06,16.9072176806078,1
0.949591464563396,1.0334154918915,0.757135082395578,0,0,9.00387441168327e-06,15.8615708491591,1
1.8314074710224,1.92204337749558,0.167826675492865,0,0,1.72961892108492e-05,12.0432761134075,1
0.883845292712529,0.958915040379765,0.144134227683724,0,0,6.92750822454937e-05,22.5554084804005,1
0.0174230837294267,0.0820543920604564,0.638733350695793,0,0,6.9570295439227e-05,23.7699299782993,1
0.111898801393979,0.0543218524605322,0.728153736283089,0,0,1.62463170314677e-05,22.8969506222678,1
0.989179014603397,0.914915540733745,0.688142403076306,0,0,5.92658693047036e-05,22.261300920215,1
1.78475923662696,1.69065006423199,0.563103819492994,0,0,2.70394259123048e-05,18.4087009433766,1
0.8640932540752,0.786922615200581,0.490137312145027,0,0,4.61816883765862e-05,21.2835773049787,1
0.00203077953640503,0.0733799692664832,0.146832576851477,0,0,4.69988115906513e-05,22.9616407321994,1
1.76593550011863,1.68843269709362,0.403446735148092,0,0,2.98524674658424e-05,21.403284574964,1
0.125136308569095,0.195009794956633,0.201634039981028,0,0,0.000125017927174913,23.0814873714321,1
0.875733864567327,0.780241540766099,0.356118620029936,0,0,7.54548934795787e-06,8.06843639966252,1
0.0836541480056461,0.0300585730215914,0.676437056376607,0,0,9.8020670535395e-05,25.976733285993,1
0.0317689694004049,0.110879632095305,0.0737204276752177,0,0,6.08690326881499e-05,23.3146873655421,1
1.12679336856732,1.18336457104431,0.325423299716875,0,0,8.2756024232117e-05,23.1245534045012,1
1.15794796156917,1.07197368644864,0.667443277963984,0,0,2.52694452441508e-05,7.90035843709263,1
1.06452098412803,1.15486505464139,0.636335090045012,0,0,9.02043996008021e-05,21.0776611725969,1
0.157401655748869,0.0655143084638894,0.240487460880378,0,0,1.20162805094051e-05,10.3318004299095,1
1.76953353659665,1.84761089138254,0.568956959809785,0,0,0.000154024425554883,20.0971200412824,1
0.888809974387048,0.808956966055632,0.00618457895464708,0,0,1.01283487815021e-05,21.845250629677,1
0.900289962101593,0.803718051638839,0.701319248317623,0,0,1.51703765781017e-05,19.1168198148994,1
0.800454463288654,0.876900543171445,0.357107368403517,0,0,3.01296992447029e-05,19.4102617684208,1
0.0066795394938456,0.0722803339581901,0.744546997015153,0,0,8.38622698538274e-05,23.7124131090298,1
0.962939688317733,1.02972345941799,0.602496094091634,0,0,1.72249007765764e-05,18.3550871450843,1
1.81284821311763,1.90186041684996,0.0182385794323316,0,0,4.16536376643575e-06,10.7715790677382,1
17.2136485563573,17.1273408498799,0.83604860632116,0,0,3.79949311804998e-06,12.8589847062662,1
0.844588893685989,0.781174240199221,0.537960230197027,0,0,8.99395424021083e-05,22.656095679989,1
0.99052160154952,0.917520816151381,0.116083916847206,0,0,8.05556522788094e-05,21.7478806057738,1
0.0997559479566235,0.0380202302606847,0.716058341744722,0,0,0.000192381349003634,25.3678871769453,1
0.975590258050419,1.0592842250694,0.510056488694078,0,0,1.46701869074217e-05,17.9413655566033,1
0.127208020655541,0.210935119969236,0.0354118374222949,0,0,3.99577016695274e-05,20.4357155703876,1
0.938360379580242,1.00999929733561,0.33619821159504,0,0,0.000102987673059143,22.8765473075528,1
0.982992136330824,0.902753198623316,0.510471543157863,0,0,8.52301233242877e-05,21.4478094029626,1
0.151265873029641,0.0546653519515417,0.575329005865548,0,0,1.39914189984951e-05,19.2061336868021,1
0.897773457140416,0.818952424533506,0.773181027921627,0,0,3.71689149577801e-05,22.298902913896,1
0.157283216335454,0.228893791189023,0.552194330432049,0,0,9.04480128602569e-06,9.71455829113138,1
0.140328380492301,0.230862921379241,0.239415201936074,0,0,1.49857069145364e-05,19.480281968536,1
0.815724043036455,0.727700143545064,0.155163942870786,0,0,2.88217364641636e-05,22.2484331345787,1
1.10579821647192,1.19770598533336,0.455478103569664,0,0,6.68700450512794e-06,4.04128549595767,1
1.04073547899192,0.969379585150847,0.105008674593284,0,0,3.17848452510013e-05,21.0889698909913,1
1.12829365444497,1.20816847370253,0.597406686601134,0,0,2.69139952578549e-05,18.3319701712825,1
0.175245681854713,0.0979255909804806,0.143747725919324,0,0,1.53682387886893e-06,3.93967272249924,1
117.272558581536,117.179570310628,0.763291421603107,0,0,7.46202548854859e-06,15.2524670553194,1
0.127066853926154,0.218769142267433,0.674726022588274,0,0,7.7927521219254e-05,17.9245965268319,1
1.79729493656348,1.74156736720013,0.269176922476079,0,0,4.8504003809766e-05,22.7502159653489,1
0.0244781331154048,0.116885044878359,0.140357482033011,0,0,2.69311769356564e-05,21.5019375053754,1
0.126348366619163,0.198458962544748,0.464450530679871,0,0,2.74902895231547e-05,20.953167393774,1
0.847708927042984,0.764964926873915,0.432333285072446,0,0,1.54941033484976e-05,21.3199850364137,1
1.77700325794724,1.69199864618673,0.212033583396632,0,0,1.5203947841593e-05,20.5906447545979,1
0.143443874917635,0.208176956369641,0.229590918699295,0,0,1.08682652212873e-05,10.3014586230925,1
0.0250519087513539,0.061941671030695,0.0892344544388264,0,0,3.28859679786116e-06,15.2780457531139,1
1.79649938170881,1.85891221309996,0.57741853203769,0,0,3.94331297396982e-05,21.2322469403976,1
0.226025526109579,0.149552611383399,0.209475125185832,0,0,1.73293370511119e-05,19.5853865791982,1
0.893053414375394,0.948411184242929,0.180333000434249,0,0,8.11038397445046e-05,24.0547413539318,1
1.81151329265809,1.72084071441941,0.66793270200235,0,0,2.2359705260713e-05,20.268496498615,1
1.07047773342929,1.14678555415324,0.525021914802764,0,0,5.77518920281682e-05,21.9631847211126,1
0.968106928780124,1.04382401848346,0.211628067279674,0,0,2.99523704097764e-05,22.4087888649281,1
1.10352640356486,1.19691293466963,0.658094639221488,0,0,1.54945105256725e-05,16.7180227491983,1
1.06269449464904,0.984999437080319,0.710337992783116,0,0,5.1444017256304e-05,21.4846842286536,1
0.0841817494050047,0.175813411087233,0.565759176495103,0,0,7.98574397113951e-06,20.3786769705249,1
0.159937762695578,0.0808856558952016,0.764414674973995,0,0,0.000123835966657099,23.0884841042476,1
0.172739380186351,0.256189875960047,0.51153824324402,0,0,2.25293803244345e-05,20.9785161793647,1
1.14469232768169,1.06850314033383,0.469687437077019,0,0,1.5294288377774e-05,21.1067816140294,1
1.81955892447635,1.74473759797289,0.255065118205092,0,0,3.39730009999596e-05,20.7984354330878,1
1.08774445060503,1.14598577809684,0.503703592091685,0,0,4.50477079712402e-05,19.863956613765,1
1.09427153049206,1.00158506223119,0.25957186754019,0,0,1.98185964950612e-05,17.5578378484085,1
0.990525675929848,1.06034228626874,0.504459739482463,0,0,9.14696197138578e-06,18.5036901064421,1
0.0539671231541683,0.0314706424743463,0.0994556121690846,0,0,0.000235774544452687,22.6561605389318,1
0.122226752212152,0.209054256217655,0.556511943665559,0,0,1.29200011932246e-05,19.4182539720492,1
1.0577149585754,1.13895670789441,0.132964845765138,0,0,4.39764402575608e-05,21.2694649674407,1
0.133162450715534,0.0524892567942175,0.474193635737809,0,0,7.78420712793593e-05,22.6557533227726,1
0.988810316303697,1.05017930781915,0.550724494005991,0,0,3.50696018544316e-05,22.7329453057991,1
1.79754598466177,1.85929872692572,0.744618025002753,0,0,9.35031737629496e-05,21.8900164254733,1
0.883944274659045,0.967879347415305,0.534424440255741,0,0,5.12479773457222e-05,22.1432634512108,1
0.918274285261958,0.852336761756021,0.00711189256903566,0,0,0.000161869096123261,23.1864985887682,1
0.112588441525896,0.0216718673084983,0.00299159835699747,0,0,2.40445310283963e-05,21.2322107285207,1
0.830918160049587,0.753262625978948,0.259853773359898,0,0,0.000112362690228769,19.1061780064501,1
0.876142818045174,0.929244489425514,0.45950463472042,0,0,0.000145437097049223,22.1789012171966,1
0.915089535608367,0.834901843996306,0.345334348519842,0,0,7.8205081041638e-06,21.5264976496115,1
0.0975849686333252,0.172194560819179,0.144353613363673,0,0,4.502111732563e-05,22.7979594135934,1
0.960090678164014,0.871641296593282,0.19448366425027,0,0,3.44474878601625e-05,18.2684055685523,1
0.992006710906117,0.915580829375415,0.775062839837958,0,0,4.12194651580969e-05,22.132230808408,1
0.0749028473859301,0.134087168989424,0.0167892413028276,0,0,1.68763415617748e-06,6.91610977609777,1
1.13318904566172,1.22446813001125,0.500029327725315,0,0,1.3194707239614e-05,19.464666164165,1
0.158296396009944,0.0680368487065266,0.0647839344610672,0,0,7.10704557671335e-06,8.36895811587374,1
0.902462158665055,0.811778196325122,0.213437606190252,0,0,9.76523018393227e-06,19.6807621377885,1
1.79213366384442,1.73163732140847,0.718577050341291,0,0,9.21431678659271e-05,21.0910101786451,1
0.935283582958657,0.852253360161853,0.134143810776136,0,0,2.84739190808792e-05,21.9487773362952,1
0.84623328185069,0.77504241293019,0.298843745082491,0,0,1.41194978249001e-05,21.0300407701131,1
0.0957763699893125,0.17570776493767,0.0428102627678602,0,0,5.52874428849329e-05,23.0382634900883,1
0.0631346755915179,0.0148435973410983,0.205551660297022,0,0,9.34997970237391e-05,23.2470211140249,1
0.0454513706901395,0.00871841272135043,0.336282639449739,0,0,0.00050054621201648,25.6832638435091,1
0.899021617352992,0.984680533388655,0.277011563693348,0,0,7.20864848400598e-05,18.1896092711667,1
0.809601286999378,0.895534189888792,0.532155492206363,0,0,3.26476071953494e-05,18.7247500007769,1
0.890569232178786,0.82232465239548,2.0409763996472,0,0,1.03935200934271e-05,15.8376552230502,1
0.996907134897063,0.916023475249574,0.024467065176708,0,0,3.07862874992661e-05,20.9073843092192,1
0.891791346369462,0.809984289299223,0.699958955013049,0,0,2.25573200681997e-05,13.1508883835646,1
1.0996249807512,1.18389466860583,0.375729367493879,0,0,3.40968397433634e-05,20.9281545974325,1
0.976644786857235,1.058547536113,0.199878260888857,0,0,6.37485371116881e-06,17.263857875464,1
0.833177276932746,0.742036572414463,0.156425604963687,0,0,1.77760739900638e-05,21.835956409572,1
0.895565244360478,0.834938300521401,0.491971595272234,0,0,0.000150517062993026,24.0649483996383,1
1.77199161636804,1.86345280526564,0.443594563905098,0,0,4.82785307617025e-06,3.00621008034433,1
142.321790757575,142.192046495087,0.0100109207866481,0,0,4.0865361512498e-06,2.4855960124584,1
0.14134674052927,0.0560107688016842,0.177255185548672,0,0,2.4096228490421e-05,20.3890211058527,1
1.06074502778497,1.15496887161152,0.59158699025566,0,0,1.92583563820201e-05,15.5824411326163,1
0.190555710755347,0.243684478682752,0.753910011310545,0,0,0.000130433619642708,23.8611760032926,1
1.09167719693383,1.02211313492236,0.119707106423596,0,0,2.4173178389213e-05,20.4878009748537,1
1.02074646503962,1.09238142508241,0.771431084956056,0,0,6.41522972756121e-05,22.289772845304,1
0.831579603871756,0.885659091817757,0.47481971712976,0,0,5.58448413271064e-05,17.0971647906197,1
1.01625417355901,0.955671532015032,0.18600863713947,0,0,7.39211725020079e-06,15.8536234712338,1
0.907969552550656,0.96995147451787,0.218313133973016,0,0,0.000137015672027752,23.1911573604486,1
418.319348311062,418.112802719752,14.0408570105129,0,0,6.07301765489887e-07,2.1847403856115,1
0.858642302242539,0.938010860105919,0.138485672109338,0,0,5.76235613849741e-05,21.5325127469013,1
0.980246433903906,0.927283474331176,0.411708847848566,0,0,0.000127875694831205,21.677357946208,1
1.04194217107629,1.10233347675961,0.769433698120966,0,0,0.000216287335058808,23.1479392000921,1
0.136371451059097,0.196589185725855,0.0578596870098025,0,0,0.000131091866262271,19.7766513186907,1
1.15501008013744,1.23875385450242,0.133405646553541,0,0,2.24106264800755e-05,20.6557507482124,1
1.77253412431255,1.85112468432982,0.0503778561341797,0,0,1.77314202169701e-05,20.7897238210569,1
1.79927909219949,1.72139385489567,0.0136749409097092,0,0,2.58322244172328e-05,17.928191178178,1
1.00462576008597,0.926631385850555,0.511012796293411,0,0,5.38824990637389e-05,20.9145322454597,1
0.9081572261228,0.83438628288215,0.530453803154458,0,0,1.23268363068705e-05,17.2659479904481,1
0.890700448271867,0.956142499605676,0.36565926394446,0,0,2.49262758263758e-06,13.9167622805613,1
1.82167726567011,1.88742173480668,0.239462654396014,0,0,1.44180317992063e-05,18.9785021533702,1
1.11747287426188,1.20827995625689,0.465571098693843,0,0,1.41096257431306e-05,11.4732529504492,1
1.81678904220159,1.73090277325815,0.654772612172327,0,0,3.37752835611774e-05,20.006982533071,1
0.090524375704396,0.168837571883159,0.0223945293977907,0,0,5.33916661517306e-05,22.7564368464446,1
1.10134213631475,1.01492187858167,0.408038629281135,0,0,5.16439328672803e-05,20.4602945257052,1
1.05744418243886,0.994576537241755,0.414825149548936,0,0,0.000112776324357758,22.9109777082064,1
1.04469968022589,0.986647147519193,0.283236779667889,0,0,0.000238193277807913,23.1555047107004,1
311.067825479472,310.887292301968,104.601450894869,0,0,1.93931143089754e-06,2.03699656315463,1
1.82560328045855,1.76323605996427,0.0419432750436225,0,0,3.16878095942961e-06,12.2400466427235,1
0.9321542044075,0.843523860475898,0.514674729966527,0,0,8.16294840173875e-05,21.096287141489,1
0.918106950425839,0.832424240284922,0.25645127481895,0,0,2.20875974685248e-05,19.400778138721,1
0.121169236319704,0.0419704389883577,0.261146071902567,0,0,5.96460223538827e-05,20.9043479102246,1
1.07354204045996,1.13734235905551,0.690016936998317,0,0,2.79398128127102e-05,22.4839940263752,1
1.06702030273123,0.974736986933351,0.0276636197699183,0,0,6.86624827236642e-06,15.0507674600075,1
0.850319773130636,0.781782938605602,0.562262161161396,0,0,9.86137002834333e-05,18.2663186745054,1
1.07489240335921,0.994805816855603,0.683038070235654,0,0,5.00334801943838e-05,21.4190305615004,1
0.90332468921883,0.817022383955759,0.158728954191005,0,0,2.72891138591836e-05,19.3683150906067,1
0.0307680596918958,0.0955542268017666,0.532864459212595,0,0,0.000135229265104258,18.8402336510498,1
0.0914510186916602,0.14647839566365,0.362618208422107,0,0,0.000186052598294912,24.3036411655624,1
1.0551951934981,1.13187486184876,0.00745548050610623,0,0,2.00637067228866e-05,21.1946743606382,1
0.883158414717861,0.792350821409968,0.484442008818837,0,0,2.60276471515279e-05,15.3664848187155,1
0.060413874923756,0.019019490262508,0.126161026557237,0,0,3.26390984971824e-05,19.9399758883505,1
0.0352838750008377,0.0508796448372664,0.410883064936847,0,0,2.21094301072246e-05,15.9144643758245,1
1.0399440034803,0.978005341928395,0.0408757038979881,0,0,7.61059514605781e-05,22.6258288246707,1
0.857052848173128,0.93995392964564,0.126727741450035,0,0,1.43456309644998e-05,20.7329919118879,1
0.110790839048106,0.164866123738676,0.299463373823992,0,0,5.82305733618119e-05,25.214945809614,1
0.817221431515888,0.763856817712735,0.114374322805838,0,0,0.000194248276602176,25.5283982524138,1
0.830168766353142,0.921101118970228,0.0676010228443928,0,0,7.04949822489902e-06,17.1855765802221,1
1.0567785467584,0.962552547924304,0.770998464354689,0,0,5.48239420163248e-05,19.673103042339,1
0.169613160570654,0.0790823842564237,0.159013906938524,0,0,3.48660337083646e-05,21.7994329832106,1
1.80528277416962,1.88633799596892,0.716859385133887,0,0,7.75273261746052e-05,20.784968707565,1
0.0622309515377366,0.0162538002435326,0.133289456737639,0,0,1.19761284947199e-05,21.7799750672209,1
0.881276982154134,0.94578955408528,0.288830800872687,0,0,0.000249381578498127,23.8541091089501,1
0.972739992780539,0.890177041712093,0.519477585681102,0,0,0.000146485340321733,21.3562386432689,1
1.03660918539711,0.953402887503728,0.653628140654355,0,0,1.22681989949976e-05,21.416368164618,1
1.82494801742423,1.88178675700482,0.721141813482113,0,0,5.49589603073999e-05,22.2852527606713,1
0.841887079383887,0.764622918384021,0.519601856220007,0,0,7.27830686184378e-05,21.1535864042296,1
1.01749089468845,0.920680146834343,0.0677133765864526,0,0,3.99873489087639e-05,20.1595519656517,1
0.828111372081174,0.897684691392072,0.0311838750283115,0,0,2.90993725817205e-05,18.5484910331704,1
0.902163126666711,0.828108926047889,0.637778311131519,0,0,8.3490979710285e-05,22.5407083963915,1
0.801120998624992,0.73279228006615,0.252506661814152,0,0,5.19686148953061e-05,22.953457132882,1
0.0683948476794789,0.015461065201265,0.374813492307591,0,0,0.000328062140233934,25.3493757625201,1
1.16841129907847,1.2519799086873,0.35938209880245,0,0,6.67808761366178e-06,15.3298052221329,1
1.77602042304774,1.69511667000256,0.1348540046297,0,0,4.52206781773373e-05,20.7333542255162,1
1.80365426991271,1.74614021318058,0.371753951265019,0,0,0.000141627828453217,22.4846264433755,1
0.0924611233795255,0.18800009736816,0.767234372635317,0,0,1.50672748397542e-05,13.1285555109082,1
49.9900925694832,49.8831735221556,0.480361208417592,0,0,5.68059411350381e-06,12.1002367784941,1
0.828632192545934,0.899323790517741,0.451024750178246,0,0,3.11866755896616e-05,17.0775399158653,1
0.881566046653223,0.973550340696931,0.813239730405137,0,0,6.28114625939731e-06,7.14802132947308,1
1.00481304917559,1.09337096161863,0.539239938669422,0,0,2.12123088886038e-05,16.8584583585481,1
1.08808788421746,1.17950318526579,0.446631795871184,0,0,3.47403991485611e-05,20.9388548167939,1
1.09574239404286,1.04268827866122,0.734446230386238,0,0,0.000377499817638183,24.4350383373939,1
0.81855402810686,0.890706150516934,0.213738493137459,0,0,7.54293780993322e-05,18.7302741481077,1
1.05582776673125,1.13081556071927,0.17726154200659,0,0,1.96346359421052e-05,21.7254199296314,1
0.84120425346802,0.915263337163367,0.553872836302714,0,0,7.61926027394588e-05,22.6009774254265,1
0.146912415381501,0.204482925473314,0.0900405904120456,0,0,8.16426382024808e-05,24.8320424181411,1
1.09914171162934,1.01157381068003,0.343579033455764,0,0,3.8512779901578e-05,21.1434846047462,1
0.988671314444293,1.07511542270089,0.667314388400733,0,0,4.03133920544708e-05,16.429288171073,1
0.961573020916791,0.900705921727933,0.53690124519976,0,0,5.33451202753482e-05,22.7531622446489,1
0.0702455174519417,0.140102720169892,0.773341717505929,0,0,0.000176556944334884,23.6674601030173,1
1.02682720274806,0.936430024871697,0.472606783995028,0,0,2.65879312219111e-05,20.4980653440724,1
0.945272004211227,0.86396263081258,0.264326486583444,0,0,7.61194354990039e-05,19.9577018311102,1
0.154864887573512,0.230779193016673,0.441342782188196,0,0,0.000170337395952957,22.9480567363425,1
1.09853547517312,1.17416096394626,0.0880320628812727,0,0,2.75743527976296e-05,20.1612330888311,1
0.0339584625013195,0.0241079323441795,0.39011616443757,0,0,0.000184488582581709,25.7139048663476,1
1.08095565001109,1.01035357712317,0.128038047729754,0,0,2.62227645801669e-05,17.7302295653534,1
1.07619578740886,1.16779489402535,0.409109257451332,0,0,1.86897820196411e-05,19.3613309801211,1
0.152886580814241,0.243828651160754,0.186380478284534,0,0,8.56022445311208e-05,22.093593102543,1
1.04450951894705,0.973077123012501,0.0112054038934346,0,0,8.74115417570792e-05,22.4146769040951,1
0.841820902383743,0.769630664445373,0.587111201675626,0,0,8.99543831746157e-05,23.1489564474959,1
0.995914350742402,0.911355489777804,0.302255722325054,0,0,2.50432308704063e-05,20.3605513758422,1
1.07755427177886,1.16783754423977,0.076476075357121,0,0,2.21157786326546e-05,19.91903951957,1
0.0578575125940594,0.133954052131543,0.295063347201322,0,0,5.66353436080938e-05,21.8594347799536,1
1.03798568066068,0.936695435195475,0.603568512089301,0,0,1.60122097406393e-05,17.6301743198068,1
0.168766576394627,0.236737031286395,0.476462298438744,0,0,1.39294636119117e-05,20.2036722960435,1
0.140575107038279,0.236590159606408,0.573794287575233,0,0,4.26387945565824e-05,21.9619710742666,1
0.0423920288484129,0.119682688563614,0.571815460021217,0,0,0.000149779756607389,23.4105251544634,1
0.957864266841333,1.03692178538643,0.620392897056519,0,0,1.96345236013178e-05,21.546460134162,1
0.937993820828815,0.855958866145045,0.432626871000842,0,0,8.0282522955674e-05,21.8371514560939,1
0.827669587739168,0.745897213632247,0.747207594388101,0,0,4.1745715580789e-05,21.1258499485101,1
1.11457164106395,1.19559926406191,0.206452674874075,0,0,2.06511853290033e-05,19.5107487068131,1
1.80668267277541,1.7489431802185,0.302652979920715,0,0,2.4487863482069e-06,13.4708845128409,1
1.78573971418772,1.72301881034133,0.48866657495625,0,0,4.86048890562522e-05,20.3648627385044,1
0.0799619241258459,0.145389430424814,0.111349389459208,0,0,4.10915498261977e-05,17.9269207130155,1
1.02644014984671,1.10198804959808,0.0956024854050215,0,0,4.35122114968631e-05,21.30684317803,1
1.07082516335081,1.00961406174702,0.564029163725501,0,0,8.15701588693648e-05,22.3371465415774,1
0.933127483793224,0.851397944485427,0.616002486774423,0,0,3.03611575860893e-05,21.4600635089109,1
0.877353449091252,0.806952866826151,0.500280858823311,0,0,0.000126076254275402,21.3237246792435,1
0.834073408519282,0.917145744487811,0.583481782968448,0,0,2.5930753650597e-05,21.5512453495259,1
0.940667451264802,1.0272796749332,0.692719165387921,0,0,2.64425784152703e-05,19.6134065425959,1
0.0696680158601869,0.0133148611526792,0.550134481165275,0,0,0.000129156356098741,25.0879615981997,1
1.15430711653365,1.2361384596482,0.748498465502847,0,0,2.22314786457339e-05,16.5538036645876,1
0.115524535086182,0.190124917662644,0.420133579703815,0,0,0.000121365646948351,23.4953748376823,1
1.78738496029049,1.7144635640623,0.746556829669228,0,0,1.88878577589693e-05,21.1143664815437,1
0.15664162225849,0.0751137057396818,0.346913127656112,0,0,8.32016379941609e-05,22.1811206188921,1
0.0333394294569209,0.127047442577975,0.331653540175315,0,0,6.90697323373342e-05,22.0729054532033,1
0.169678314967612,0.113484142302809,0.445754034776691,0,0,0.000114973204853603,25.1635130126326,1
0.0636173291058968,0.124722667513623,0.150821569088684,0,0,8.02019956829797e-05,24.6796122988911,1
1.0864209643188,1.1456872417979,0.0552322750916865,0,0,0.000146220875753454,22.8062699117279,1
0.912292563997307,0.969866576378791,0.187134127487555,0,0,6.87709611472251e-05,23.5429187938908,1
1.03816788013708,0.984072741850753,0.545436824539238,0,0,9.08794154968777e-05,23.2958093037854,1
0.927976360242231,0.845181575454376,0.0418814234055735,0,0,7.54506738931346e-05,22.123968783419,1
0.0180878833018281,0.10994343259614,0.294106555294754,0,0,1.69192509853292e-05,14.5647463651362,1
1.03708957365167,1.10197238259707,0.585201802772814,0,0,8.57811339870371e-05,16.5515383616477,1
0.0311127022813685,0.0490873838468247,0.332126502438548,0,0,2.33641492278299e-05,23.0241960680451,1
1.04457284645614,0.975670976992689,0.485020276739644,0,0,4.02093693835116e-06,15.4519450645093,1
0.105602298749629,0.00769443530549552,0.302502300110184,0,0,0.000179659495225917,19.9733991892517,1
1.81146659251671,1.89937260663407,0.0956221934659158,0,0,3.95795326711317e-05,19.9042150953678,1
0.999965920363527,0.933302189526557,0.744442287909424,0,0,8.43160176327545e-05,22.879452662049,1
0.87744263725039,0.930794491364566,0.263472080133464,0,0,0.00020477372178942,24.5784296758519,1
0.839516448401934,0.917598968076845,0.527831599749142,0,0,8.96736808293506e-06,19.0567719176037,1
0.832440857563872,0.745839761664058,0.631761986078651,0,0,1.68765355470274e-05,17.5538176448306,1
0.856004599087466,0.786859932055279,0.484683216597098,0,0,2.01960009901564e-05,15.3411386361475,1
0.909302097001686,0.835719901076828,0.545136957755967,0,0,4.11954561067312e-05,21.8672329469422,1
0.605365042630554,0.522666053425951,5.87560769145614,0,0,5.73461735855868e-06,19.8343926698133,1
1.0918616218542,1.16853922266483,0.77887253122031,0,0,2.39484890070697e-05,21.4481707728668,1
0.976303606400323,1.05591897778942,0.300261531210317,0,0,4.77496446003403e-05,21.9395903865933,1
1.05434799101959,1.11652412959768,0.16369484782326,0,0,1.48304498154993e-05,20.5453267627887,1
0.822380775385407,0.881861436497019,0.0694770958714175,0,0,7.32075039294119e-05,23.7834533554952,1
0.801161505699749,0.857850513094945,0.302546001911864,0,0,1.9743554411915e-05,23.3221615449101,1
0.00277498740300091,0.0715193599326938,0.536723979262465,0,0,0.000287516602547314,24.1447228008958,1
1.13884859402539,1.07691454225599,0.452215307462686,0,0,1.73828914724235e-05,21.2350324640976,1
1.07058165356422,0.99842420773993,0.711141609099915,0,0,4.25272545345195e-05,21.9783036144238,1
1.11312230633281,1.05638645136713,0.684125786091135,0,0,5.04718680072084e-05,22.0426129692363,1
0.0697711932583022,0.152683467024929,0.208456738609897,0,0,4.27022147307473e-05,22.3092970425895,1
0.134366924777756,0.0473665280950968,0.577771770372026,0,0,9.88987115282692e-05,20.2444430961108,1
0.865871363157246,0.791119082797962,0.443619648827088,0,0,6.293060744862e-05,22.1168898127235,1
0.803618840557072,0.747411023006151,0.0576908414515644,0,0,5.551362043603e-05,24.4921283908537,1
1.1306660594142,1.07165600593802,0.183641133021295,0,0,0.00012581700382177,22.7905115545095,1
1.80182738267884,1.87492616531097,0.323386478318753,0,0,2.40488480876949e-05,20.3317040031848,1
0.165191192810465,0.09143311409494,0.216269162244012,0,0,5.52615216176308e-05,23.01865635847,1
0.916401259443263,0.841049959697159,0.675986627338887,0,0,1.20185732234713e-05,21.5988336176855,1
0.87073241730105,0.808055121700647,0.0315474612070989,0,0,5.98587949915337e-05,22.081857613337,1
1.77986844264317,1.85907516336914,0.0339310787664404,0,0,1.19401489647685e-05,20.0461768150724,1
0.0910253985710403,0.173454812868954,0.643058035767845,0,0,7.57145775995541e-06,15.9595734742425,1
0.970852102050401,0.90029972889073,0.400974953939166,0,0,7.37745293849033e-05,22.156243128189,1
0.834010512501308,0.920498936107379,0.0226722113196907,0,0,0.000147441961666434,22.1351294501682,1
0.119316630919838,0.205229196611128,0.316709661838756,0,0,2.71543651787179e-05,22.8280566572863,1
1.07107213659981,0.980157000503027,0.583950843362298,0,0,1.05810591694728e-05,10.29194854663,1
1.76980030002249,1.86625108182614,0.504818651210838,0,0,1.18702073877491e-05,8.24210235486995,1
1.10812059993543,1.19611134794422,0.00262587949927262,0,0,4.4311529530342e-06,12.9173261619151,1
0.00625793087828028,0.0914779525518838,0.706423129772434,0,0,2.91310977996901e-05,22.665250829438,1
0.908994042116026,0.854345332928119,0.681408422348294,0,0,5.8669241993097e-05,23.5558476703256,1
0.0311497135003932,0.11913500026003,0.233627423722371,0,0,3.67992685520347e-05,20.2086047748708,1
0.102677969210026,0.174688983349313,0.329298394998105,0,0,7.05146526989887e-05,23.1172912489778,1
0.182436490583904,0.112859572428079,0.261354881427099,0,0,5.22253431712404e-05,21.8771675528107,1
0.86062509619381,0.785529626016171,0.30328307054369,0,0,5.34302309763434e-05,22.6496430504002,1
1.13240558832535,1.22092422861425,0.0947333796865468,0,0,7.02821844441407e-05,20.2426705346147,1
0.0195781424753558,0.0605056044497587,0.3884987231128,0,0,2.82994960961501e-05,11.5531601816409,1
1.76962833383848,1.83656612592111,0.141151224704728,0,0,3.78192841863936e-05,21.1780731429369,1
0.996343074710536,1.07509856933223,0.195295382550519,0,0,5.48793029897253e-05,21.9884085608574,1
1.03005002486496,0.93862857255931,0.206915399987471,0,0,2.89945403300309e-05,19.5410476938355,1
1.76996992021437,1.67524951013212,0.584278059560411,0,0,3.34488092608408e-05,19.140440582937,1
0.0537955910999536,0.0122279994583891,0.125341641272779,0,0,9.10331736965359e-05,23.4368558236602,1
0.81151477222458,0.752539985135201,0.028597286223933,0,0,4.61797613747625e-05,24.4485660071313,1
0.0871088063359783,0.178645307563727,0.327487834274535,0,0,3.06125763666112e-05,17.083415716367,1
0.859199449949448,0.790620360385617,0.639584460311255,0,0,3.89354031559697e-05,22.4261966660928,1
0.026588773783714,0.0871524017128422,0.308498729117171,0,0,2.73708526103057e-05,23.5460516675901,1
0.862189771690592,0.767841498457244,0.602625063037246,0,0,1.00905850474254e-05,10.7902438277688,1
1.00655133362852,0.921024384250927,0.600212243080158,0,0,1.48312997223219e-05,21.1384134855386,1
0.0770662164057395,0.170536189835389,0.661591462255693,0,0,4.8083171641524e-05,17.7965179358295,1
0.915307550840269,0.844773706952537,0.242016513791821,0,0,2.38368261397897e-05,19.1219169764251,1
1.10816923195408,1.02282044789638,0.626717588103197,0,0,4.42545755131449e-05,20.6664216080103,1
0.973453688515556,0.907071038309027,0.444543907792781,0,0,0.00016617432589411,22.466583614065,1
0.0897319012454574,0.144890575480673,0.61346762551029,0,0,0.000155279133074984,24.2068484356645,1
0.870338658313514,0.777525448406436,0.0204086134235588,0,0,3.47401786839745e-05,21.7698514656082,1
1.78517032002357,1.84620639937671,0.154057466440718,0,0,5.00619045916003e-05,21.2975811451335,1
0.995248039041308,0.909026665024214,0.45387090223538,0,0,0.000101975693808626,21.7081996151769,1
1.14380068243402,1.07746000440758,0.292052475813836,0,0,1.75644207737862e-05,15.7785849224851,1
1.77257230470024,1.69662505698028,0.215059762375525,0,0,4.17719552746349e-05,20.7652548153841,1
0.177262853448163,0.233565707583523,0.65634548034758,0,0,7.64221933900112e-05,24.4183000543652,1
0.855108951432209,0.769382439204605,0.266141505206811,0,0,4.35962562372066e-05,20.9997007887541,1
0.0302904010354942,0.111329832877857,0.634532650330891,0,0,2.78082936711011e-05,15.4568669913329,1
0.939830638697725,0.853652616470129,0.300901406599106,0,0,2.06436601583929e-05,16.5330934561906,1
0.883716499118013,0.956760661831026,0.190308201285642,0,0,1.39202245640685e-05,19.9023586385131,1
0.920482236605857,0.980562698418254,0.0863839501073569,0,0,8.07336368301624e-05,23.7250577740182,1
0.00208169726797276,0.0795887817199059,0.146616200242413,0,0,3.20047574253193e-06,18.3696411182778,1
0.798835354066274,0.708046663599021,0.24909744975502,0,0,5.26623340454493e-05,18.2796994555645,1
0.103030799677337,0.0191216868652191,0.222740003033838,0,0,6.25797930946589e-05,22.8706419559286,1
0.182637101298724,0.273125524943907,0.347011924231067,0,0,1.58223131712229e-05,19.2304447133652,1
1.12837410743913,1.0386549279026,0.592534376470523,0,0,4.97421333454872e-05,20.6243129324602,1
0.0744026068936514,0.00396289529072646,0.630755720632806,0,0,0.000180346931816912,23.2491028504567,1
0.92306661837504,0.846853269346838,0.0662337865275262,0,0,4.70014861112524e-05,21.6779177613863,1
0.116525631508875,0.194448665016694,0.454015286926819,0,0,1.58307285019934e-05,22.8719431773873,1
0.0679585207863768,0.122765584561563,0.211313194989341,0,0,3.36488755798994e-05,22.7102528372244,1
1.80131890550789,1.87980751212928,0.555709612034815,0,0,1.71852422291546e-05,15.9866172308153,1
0.867431500110876,0.952498634067751,0.117478261395917,0,0,1.87384304738397e-05,22.1553030130349,1
1.00153741711286,1.09119926635918,0.503437080749933,0,0,3.72686931920439e-05,21.0379465641997,1
0.890827926357803,0.802001983939363,0.538819803018974,0,0,2.91938205079285e-05,20.1907232615317,1
1.04621472471475,0.973148907655542,0.305878823417276,0,0,5.26809943071555e-05,22.0419865588633,1
0.00749728017021494,0.0966605413757406,0.0625835579383303,0,0,2.46962444974266e-05,22.4095304181135,1
1.05656210526236,1.13004458444138,0.548412536625797,0,0,2.47895456445336e-05,19.5641058061478,1
1.00592053543683,1.07671560998745,0.0883719989809641,0,0,7.53025144240325e-06,10.7679220088808,1
0.958308890328966,1.03770818982679,0.267706790296905,0,0,1.3955814860672e-05,18.8807054521529,1
1.76837355262558,1.70728434311167,0.416353639602133,0,0,9.43527155878544e-05,22.2085232740699,1
1.14842032368099,1.20457439587696,0.458479210028891,0,0,0.000108003449922043,22.1524088663078,1
0.982280798774056,1.06332077373946,0.552811264011589,0,0,1.64130255029259e-05,21.2395665654097,1
0.910613738136641,0.817063362075373,0.272627479664279,0,0,1.61128856388447e-05,18.3859338011867,1
0.923023748805765,0.991534242300929,0.468419714711649,0,0,0.000150259994480011,23.0606437494854,1
1.03236821095293,0.950344063022328,0.430715196721204,0,0,4.8445087397308e-05,21.719481572821,1
0.0957011943887361,0.167401726807924,0.215842496026633,0,0,1.02164307972454e-05,15.1709420732228,1
0.889813206936436,0.816842954699752,0.0556491352763038,0,0,8.06178205251012e-05,22.6887607439396,1
0.89978750898428,0.964538725809263,0.379909505232256,0,0,5.23670804823404e-05,17.941609496219,1
0.0982851237520089,0.162961352711136,0.00047917752993798,0,0,1.76600201049465e-06,6.50141265906487,1
1.02577980379926,1.09192187954841,0.201418425760401,0,0,4.05429424843592e-05,22.7773124540549,1
1.05883212239278,1.12157987404936,0.55532960101361,0,0,0.000132546612119853,22.9615648743646,1
0.833006999104376,0.893549977862193,0.34979623842128,0,0,0.000135138625853157,23.926177417426,1
0.863099325117587,0.957440052108325,0.139212418499142,0,0,2.33816726931751e-05,19.5257522696881,1
1.77313170018381,1.83551493647897,0.467366754260197,0,0,2.29062527834118e-05,21.5064729573509,1
1.07817743473014,1.01662606803768,0.444306886170713,0,0,1.60392756870064e-05,18.346234032933,1
1.09397084770607,1.18407076956623,0.661638331043324,0,0,8.05707444732734e-05,20.9110445659527,1
0.0435231502083273,0.127545695242645,0.727042874000437,0,0,5.57105524905733e-05,22.6424896672992,1
1.02175999128029,1.08867084414382,0.736417912886402,0,0,0.000152487336638543,22.7687941310132,1
1.02755577474408,0.962544755548635,0.52651954971218,0,0,3.17840301586639e-05,21.8671913763879,1
1.02574934279341,0.96388204779177,0.0158428843782252,0,0,4.4302465139065e-06,10.0459935804853,1
0.175765444854076,0.236567508945114,0.704972674243704,0,0,9.28577134377148e-05,20.497024042781,1
0.175709775455166,0.112791423410584,0.614488131796223,0,0,0.000191153584307521,24.1190363384287,1
1.10695776262091,1.02295042112559,0.105970286643437,0,0,3.03885333199996e-05,21.1301323777835,1
0.863407664444064,0.775921141513834,0.203628601771211,0,0,2.80621855833802e-05,20.6322349860259,1
1.80234610706917,1.88964767252696,0.341237774209219,0,0,2.73665264631752e-05,19.5073501351256,1
0.0612263914951529,0.000659890742554126,0.510041619179362,0,0,0.000128213866646243,24.1121129505972,1
1.11004975772021,1.01709531210901,0.605599215951978,0,0,9.05359555166109e-06,17.1228017104899,1
1.12533487820306,1.20020451952058,0.0514316043649963,0,0,4.09681699877918e-05,21.2508031524771,1
1.0325060792662,0.935332777608323,0.192289459861286,0,0,5.29727240989229e-06,17.7759091010557,1
1.82174694197474,1.91330223718103,0.12754555587793,0,0,4.56840227824195e-05,19.535302197796,1
0.043661206034848,0.0478261318728528,0.688614738177002,0,0,7.73736931052245e-05,21.8439595405817,1
1.77518059480171,1.85896828355709,0.519150641741794,0,0,1.55786466638165e-05,17.0489248033481,1
0.0108659514757805,0.0645299288587182,0.668003477872084,0,0,8.52505033818806e-06,19.6490550857179,1
0.176670639000124,0.247669902764699,0.526782149779446,0,0,0.000115626084348341,23.5546739038802,1
0.88897311359438,0.79071066580866,0.577873066359484,0,0,7.48648910851167e-06,8.68555633549477,1
0.128940520482067,0.040881263895983,0.0236004005105546,0,0,6.98399059044164e-07,9.29315666088394,1
0.0936338460850439,0.150357111571367,0.262844254530171,0,0,3.34327244781456e-05,21.4007424022058,1
0.989463820590639,0.895163430026571,0.37273370005871,0,0,3.11578579557045e-05,19.8830797890879,1
0.916732539728723,0.838885576414725,0.336042519531548,0,0,2.50524781128982e-05,21.7100200966373,1
1.8156062158918,1.73607175559562,0.439866602587788,0,0,1.8872817704019e-05,20.5959991066063,1
0.140002782031362,0.217563093487968,0.580049233603539,0,0,2.6896204566416e-05,19.4157955621606,1
1.1302061386885,1.06068218056748,0.632515465245808,0,0,4.45888961666753e-05,21.6289179138119,1
1.83625814932366,1.92589077893768,0.032588360240688,0,0,8.56773336932882e-05,20.2257046599381,1
1.09255579577543,1.00452736794273,0.377572068554606,0,0,1.08839445641624e-05,16.4007154146229,1
0.901199252050783,0.842080920642417,0.532965696462217,0,0,0.000164899686741045,23.9051769694534,1
0.0742568133043751,0.00607803928124895,0.0753420187929699,0,0,8.36698637004165e-05,23.3575786386176,1
1.82198070792472,1.74142509393783,0.0676779472776019,0,0,1.69432852804745e-05,20.5921258967107,1
1.1451072844605,1.08020538694393,0.588413655180181,0,0,3.58589415224036e-05,15.0089421116894,1
0.141397261542737,0.196780692996299,0.724105941240435,0,0,0.000113202179852729,25.8849640040591,1
1.12292822830766,1.05683344363999,0.190622984782476,0,0,2.67646314254375e-05,18.3782669790067,1
1.05810661526383,0.990411662242536,0.441960305520757,0,0,9.23124656978278e-06,12.7182506390956,1
0.170152887140992,0.241912501286663,0.494139289295013,0,0,5.99391912477633e-05,18.4549518837396,1
0.160225029147788,0.0718097227750718,0.338940581957416,0,0,3.20770631222075e-05,21.8076012105704,1
0.88415210473646,0.79761576458634,0.121325120553152,0,0,2.13974605261268e-05,21.7955845304889,1
0.886256837486868,0.796319220658631,0.546269209556551,0,0,6.69655685340225e-05,20.8197119813257,1
0.0144499607879789,0.103094395036749,0.31175176723156,0,0,5.68865463111526e-05,22.862627938933,1
0.819790701962476,0.908744284625925,0.567844901914494,0,0,3.29699684050783e-05,21.327682733074,1
0.0967001927209744,0.00674806911672476,0.593103124379283,0,0,4.28229840474466e-05,17.7499879760005,1
0.0900289790856484,0.034114727548598,0.766497128955883,0,0,1.54396670816623e-05,23.0194016542313,1
1.78605481494554,1.85913343745705,0.11214820386045,0,0,1.89529719198096e-05,21.0408564838344,1
0.9014007245582,0.814108453836582,0.110211143085955,0,0,1.16152936916273e-05,13.0849966094279,1
0.0127603946421962,0.0413619743155209,0.141779837628243,0,0,0.000291472255091745,26.4744629851111,1
0.174891068111534,0.229978746468646,0.47097082545017,0,0,7.38183733935688e-05,21.8605780790716,1
1.15422520776291,1.21292250817925,0.643620090375509,0,0,8.28589824268869e-05,22.4072178738018,1
0.824919779485009,0.770421023549716,0.00591430025061968,0,0,3.37970311728521e-05,24.5445185333056,1
0.885303311428423,0.820656961228224,0.424292658450804,0,0,4.8259477211642e-05,19.4304935221403,1
1.09934781064266,1.18493578325871,0.610488307161949,0,0,1.05914139766977e-05,19.1733772957502,1
0.921458103053146,0.834016175102704,0.201125405169897,0,0,0.000187164950605353,22.027474680697,1
0.0133733752744583,0.090073066970092,0.34307299506947,0,0,4.77337821350935e-05,22.1219581806532,1
1.0832944992858,1.02142632658715,0.266706572890534,0,0,1.05749237981929e-06,11.5440323571017,1
0.070136492425009,0.0145331039344114,0.140202453700863,0,0,0.000192259069579261,22.9945804966401,1
0.906260036941391,0.972457514502509,0.120899450474716,0,0,0.000140862336795513,22.9733398550684,1
1.11672126306309,1.05738697404641,0.263419080404953,0,0,6.94772416881246e-05,19.8149210095662,1
1.0196857536009,1.10373021905832,0.613017831572375,0,0,1.0833642439836e-05,12.0785964582555,1
1.81192166335046,1.7586846835629,0.0987032792470295,0,0,0.000161296995748363,22.5605895206889,1
0.15589406103451,0.237769247560607,0.0102030698280924,0,0,3.16486596671158e-05,22.3973182870735,1
0.170306870649278,0.0831209945716864,0.0416110863249903,0,0,2.13051187388145e-05,21.9111711777604,1
0.0592987354708787,0.0184205939754634,0.715224911476746,0,0,0.000166133576807607,23.4110633422334,1
1.80528823816985,1.85823029153406,0.401606051542806,0,0,7.93682892860908e-05,22.8799310647734,1
0.976083494953999,0.91089643216921,0.0994596626370037,0,0,3.26682935733824e-05,18.8125396074784,1
0.796212622104937,0.892382085889437,0.361320776506175,0,0,1.71684508495812e-05,19.3851926573961,1
1.79214916800951,1.70045591688557,0.262790311485875,0,0,7.6760875969109e-06,7.43229176455968,1
1.06858225078799,1.15559057899753,0.227872590980838,0,0,1.46582447191518e-05,17.8672573304129,1
1.06446724539717,1.14347795771101,0.581535649041241,0,0,1.79326213782874e-05,16.7332831843533,1
1.01306889715862,1.09061499988337,0.406787728042069,0,0,2.40770726004639e-05,21.6817185588847,1
1.77876354179878,1.87275968498454,0.171659076153707,0,0,1.29815203419655e-05,16.0726121218587,1
0.808634515349441,0.71273180702832,0.141888061375254,0,0,7.96937590604213e-06,15.0018480546126,1
1.82821806838793,1.7418715669088,0.0652571761325298,0,0,1.27981096141484e-05,19.1087514094098,1
1.02271087824649,0.967881196280558,0.106444687022637,0,0,1.87688365499357e-05,19.5645626240615,1
0.158765162564088,0.247157880716202,0.0186103221142297,0,0,6.60060815827512e-05,20.1104751755998,1
0.123619521520283,0.184511149556101,0.576372741732451,0,0,4.12060021192469e-05,21.65817885683,1
0.101994048837043,0.0213300728460695,0.580012246148012,0,0,4.40592700467122e-05,16.0501753683907,1
0.923932572856304,0.846288593480949,0.550515299870593,0,0,2.71243159087286e-05,21.9208527918959,1
0.9178191269279,0.830463000242048,0.41010169179166,0,0,2.2571316822589e-05,21.6776009853989,1
0.810033911376009,0.74365573834848,0.171108759839093,0,0,5.40027805601397e-06,20.5832381817452,1
0.110693722911462,0.192766651981458,0.375323124428188,0,0,0.000163138890720139,22.9255976498207,1
0.142227990656254,0.213244719097133,0.348670755941542,0,0,1.87488949439333e-05,23.0001366804462,1
1.80343910524409,1.71883745741121,0.395557660843844,0,0,3.69742286859195e-05,18.7758607934479,1
0.968683515115268,1.04250065601488,0.67114663991851,0,0,2.709520527547e-05,20.6114744054156,1
1.03379897247662,0.956764501249609,0.665715309091756,0,0,1.75759734186765e-05,20.2253795319095,1
1.05540554967478,0.993161925461294,0.172336037580619,0,0,3.31942066761081e-05,20.2117336815427,1
0.163395309167503,0.0814923927998734,0.286852079482335,0,0,5.0495002812921e-05,22.8700988215138,1
0.979928386089785,1.03388859069338,0.292201580564279,0,0,0.000269604913461105,24.9465609782602,1
1.0599134183932,0.970056857936925,0.122009527859106,0,0,1.13572469531727e-05,12.2345128250435,1
0.902743977907186,0.819827671617702,0.404138051609902,0,0,4.18439465150545e-05,20.357815224576,1
0.957841788908678,1.01304196785611,0.18161456421481,0,0,0.000186592515826845,24.9555602389108,1
1.01693977845026,1.105806896606,0.470102101108219,0,0,4.64664161540036e-05,18.0452071975227,1
1.03243694775102,0.972449245112472,0.539599720583923,0,0,0.000140901321743062,23.2637021206997,1
0.0674503063162689,0.149228059983614,0.700051340489983,0,0,6.6809702550315e-05,23.061499969836,1
18.5664193634963,18.4987372111727,0.00255019313695855,0,0,5.28120513871899e-07,4.50809352080199,1
0.0478052955175139,0.110278077944741,0.412559076936797,0,0,1.5284087605907e-05,14.375890707717,1
0.960421562921858,0.879010370916717,0.0884568408452493,0,0,3.77878500789039e-05,22.186741210869,1
0.911502360708264,0.831252547470513,0.361285138031775,0,0,3.5420351928768e-05,20.6558750315702,1
0.0766998726492731,0.144035347149043,0.272080839100425,0,0,4.88415437670135e-05,23.6164361650223,1
0.086485057139959,0.00735151779474563,0.0229560029469524,0,0,0.000200376908133203,23.3645200449497,1
0.818796779482247,0.871572634156649,0.375461687656306,0,0,7.52779437848554e-05,23.4262014306659,1
1.15326959293428,1.0882135471069,0.724206755649586,0,0,2.95550140677368e-05,21.591739110314,1
0.000597157063092212,0.0711355133323082,0.464099026189574,0,0,3.15576227311461e-05,8.34833575494065,1
0.930477918072497,0.997988896536441,0.78966027027252,0,0,4.81115579700503e-05,23.0299832875125,1
1.02336604353821,1.1018978151252,0.552826148558577,0,0,7.31227501180246e-05,20.6541745080869,1
1.03141699406889,0.959126612445431,0.258823613098577,0,0,3.10042373653206e-05,19.0470239404876,1
1.79624225136877,1.86348086222893,0.119817800967277,0,0,1.14459800481614e-05,15.8860212354527,1
1.06294994222361,1.1296502125183,0.0337724553215111,0,0,7.0465479313487e-05,22.5049836065028,1
0.906349935926569,0.845779759586776,0.554439905818458,0,0,3.98730039092473e-05,23.692935522094,1
0.7863412974763,0.708530741238121,0.774138817111702,0,0,6.03344948896835e-05,22.7122237469598,1
1.14462150408707,1.22074955769213,0.506030194309862,0,0,5.37806094387394e-05,20.9702579021453,1
0.0109758367954566,0.0836535363746975,0.311251560046596,0,0,4.8608950357002e-05,22.5284522473958,1
0.0609227942077437,0.00848749211368727,0.430765046581199,0,0,0.000119047734310252,23.675027452322,1
0.0504287620360113,0.00459789005063271,0.25186387425843,0,0,9.87877090498751e-05,27.0332086435955,1
1.03074573300311,0.939287863426671,0.468802339408416,0,0,1.71961537140625e-05,16.8093971473654,1
1.15926345946719,1.08148476647619,0.387907011061205,0,0,4.93833690908438e-06,14.1870905744262,1
0.0330733123930932,0.0551884951337342,0.699045801876085,0,0,7.80810427119991e-06,14.5402959285905,1
0.951696701584595,1.03169495257492,0.101840679634441,0,0,5.48689574261025e-05,22.6147436810083,1
0.842967094701778,0.927636904130452,0.20425802105019,0,0,9.22270975047911e-05,22.4070293934125,1
24.0680823900442,23.9869129598334,0.849863461616512,0,0,2.60327087613967e-06,13.3255103722834,1
1.78494935190155,1.8742633394773,0.577276249460645,0,0,6.03404493498774e-06,17.4643838023224,1
0.866054117196244,0.790160966331939,0.450975044221337,0,0,3.08589710160477e-05,21.6229171101416,1
0.139342478096244,0.0463371668320747,0.191040348595158,0,0,1.62327619795646e-05,17.1301879411461,1
0.0668228789425132,0.0322815942290049,0.468832999837433,0,0,5.80931097006334e-05,21.4152276283372,1
1.80148013302276,1.74109267435463,0.443724353541199,0,0,2.08167983154115e-05,21.4945555067212,1
1.78441490122902,1.6982954718315,0.402442701223682,0,0,3.74887952331843e-05,20.6222909854126,1
0.112908210356735,0.182616969198676,0.00955313639206068,0,0,9.32773183617604e-05,23.7801627068645,1
1.68435039260508,1.74903482822293,0.0652867301375935,0,0,3.43937090599016e-06,14.5903390966982,1
1.13228136506293,1.07145870774465,0.234980543530611,0,0,0.00015627632970668,22.4675287102304,1
1.01066357359893,1.07709674344306,0.198726817631884,0,0,5.96324606759798e-05,19.93166431384,1
0.971803661743461,1.03626955510057,0.678183640588164,0,0,0.000129612401377088,22.9133499059463,1
0.85478962196803,0.91598094461952,0.106307408625982,0,0,3.75137295224959e-05,20.4606814902641,1
0.165913770063249,0.224596585917368,0.60326195178681,0,0,0.000251805430429128,24.0661848459621,1
1.7888696251352,1.73171023331517,0.506517053568745,0,0,2.81516742671891e-05,16.1967306931923,1
0.8659115635276,0.91955575627378,0.595721756032376,0,0,0.000105027680084084,23.5830611299533,1
1.05293324177368,1.11761443510085,0.504578773563173,0,0,0.000115045688095161,22.7527507570127,1
0.94899362886576,1.01286154018948,0.352395379660745,0,0,0.000103242119376329,23.3118778823671,1
0.14773898819111,0.055095112944116,0.738461509926513,0,0,4.57905443143838e-05,13.3445446207702,1
1.13629174121023,1.22567723898771,0.516286718387519,0,0,3.98740152096287e-05,19.7286526313855,1
1.81337564658049,1.72511129546734,0.578104077690018,0,0,4.86028007651718e-05,20.0365685532048,1
0.820866569791669,0.745747650225326,0.153067612294694,0,0,6.46113737444083e-05,22.1439880166876,1
1.08665209936267,1.00302630369197,0.360602913375647,0,0,2.88610676749996e-05,19.8924664178731,1
0.798343398175914,0.863346060419161,0.216517038214992,0,0,0.000163574406354301,23.0825817816528,1
0.864931395354287,0.795468727519022,0.485670577707399,0,0,2.29145850802651e-05,16.2557621933482,1
1.10691704930919,1.19414995943799,0.453112761104961,0,0,2.3788754281771e-05,19.1543598351966,1
1.79311347610431,1.71883766888837,0.517941121902957,0,0,5.61358783194547e-05,18.6548808134273,1
0.122745878616814,0.0316406137922058,0.74512197383139,0,0,5.56798288760126e-05,22.2476059996334,1
1.1695044092329,1.0887640245449,0.399213909697245,0,0,2.9758033705115e-06,16.4351383897866,1
0.942499681088766,1.03438667511523,0.570853513928073,0,0,1.90211873437412e-05,15.0437779191285,1
0.0545360336578511,0.1087192423511,0.642624463366255,0,0,0.000144573975861203,25.9777699459698,1
0.805887358755706,0.718922809160404,0.60829193259343,0,0,1.33818698108717e-05,21.7521973063001,1
0.93310706918704,0.856805268085935,0.318154199917384,0,0,6.54657549397625e-05,22.5806139642789,1
1.78439699614268,1.72698949135054,0.251851217998553,0,0,0.000182737841439101,21.4482161953231,1
1.01824954324721,1.10754790927012,0.350757980511274,0,0,3.64014919800342e-05,18.6361688458496,1
1.03508581022802,0.962135566877208,0.557804836486403,0,0,4.84644585893251e-06,9.00561372727736,1
0.0124086145070225,0.0697893991384717,0.301445921989895,0,0,5.99209518830328e-05,19.9673089419562,1
1.05784920177138,0.994521314476714,0.254391905919935,0,0,8.37518100066247e-05,22.5665200898066,1
0.904189601667184,0.984143623560556,0.00702279692315022,0,0,8.58921524533116e-05,22.4050668352593,1
1.08798707636831,1.14171575352435,0.488422323489989,0,0,5.71782742938361e-05,23.8944903558197,1
1.09576024749295,1.17276324064824,0.43635065578,0,0,9.04577943839777e-06,19.97503781149,1
1.1511924921617,1.21813102213633,0.305427534050135,0,0,2.81373563993282e-05,19.9965490605308,1
0.935219649813433,0.872598690659714,0.544187712473867,0,0,2.56982255212972e-05,21.1335484711192,1
1.76515623603303,1.70421788461792,0.417153133213392,0,0,4.04554652195943e-06,15.6331925044144,1
0.981676480935569,0.899958375815629,0.549976170714213,0,0,7.66274492645547e-06,7.9783215282585,1
0.8543975737031,0.945905725274713,0.472715941075586,0,0,3.3018703439286e-06,16.7094381000753,1
0.0804527924816188,0.024357332471368,0.755583420048222,0,0,9.09777442997247e-05,24.3632968089623,1
0.816030875369473,0.890407102292784,0.152958032888758,0,0,8.60063544663385e-05,22.515743335449,1
1.14325443982572,1.22668608120125,0.716382940998439,0,0,4.35366439751078e-05,17.7549785043563,1
0.00664529702644808,0.0843216134474574,0.745717538556335,0,0,3.98613134907069e-05,20.0325963728151,1
0.0804331494083925,0.000604904818430896,0.745983960939125,0,0,7.98180805801371e-06,13.4760620025312,1
1.01292575279358,1.06604985716658,0.56067068350212,0,0,3.51100325109884e-05,23.9822068222832,1
1.09822488909924,1.18765798653834,0.512309710896784,0,0,2.47769676802624e-05,19.9523306868199,1
0.0539651155703508,0.108691364318474,0.215065926473218,0,0,0.000378933050399146,25.8877313693015,1
1.17805353397806,1.26001831796651,0.329297299337806,0,0,4.73787133154614e-05,20.375200185986,1
0.805616917804029,0.739886756301217,0.326341962715622,0,0,0.000107886159021924,20.270512545307,1
0.948483147954287,0.853484134793462,0.0435211698273719,0,0,1.33890510754085e-05,17.6463369456508,1
0.855793328415069,0.783123241547031,0.0862108517020039,0,0,0.000102284956379972,19.1363091702773,1
1.00981778557974,1.06571938078304,0.768545076948131,0,0,0.000110806482137825,23.8089290053933,1
0.976021772240111,0.891029607319524,0.641041047930238,0,0,3.12393790754152e-05,21.646730196856,1
0.816172350800218,0.762207138690712,0.373605201561832,0,0,1.48763528755771e-05,21.035888411626,1
0.888767483454316,0.962179434023398,0.304842184637541,0,0,4.59741795182809e-05,21.9452567845717,1
0.832428086899574,0.886506082422414,0.273585540318198,0,0,0.000187833400784092,25.3701882905654,1
1.80080776410648,1.89039923220082,0.0293653266832123,0,0,3.99008214849327e-05,18.9796153919084,1
1.04502880946431,0.967233151466246,0.354947817314385,0,0,0.000121559142696829,21.7876347137281,1
0.956834498662997,0.877711165964513,0.029818877993435,0,0,5.46691398696866e-05,22.2159096015483,1
0.87285116969036,0.804848918258159,0.45976627891384,0,0,9.98571406382455e-05,23.2346511780194,1
1.1434157715995,1.23413459956777,0.597161082916387,0,0,2.35517925722209e-05,18.6211622255123,1
1.08485004254768,1.02220563862491,0.0884496135877786,0,0,4.32072382406856e-05,22.8402466228827,1
0.99686030657844,0.942167650565437,0.225084099677042,0,0,0.000243703675530631,23.8128833658001,1
0.0621423043632191,0.130862155870119,0.210971164477494,0,0,0.000109751407760581,22.905121070734,1
0.0229955219658533,0.11269621853279,0.585037466116981,0,0,2.67286033228761e-06,13.6782487300324,1
0.96793019975352,1.04938823953728,0.638163398719751,0,0,5.77613333490906e-05,19.6226972992996,1
1.81260417634288,1.7357984781801,0.104057697740803,0,0,2.63033886360234e-05,20.2010162296655,1
0.156819828906168,0.243780616937443,0.0534287550882266,0,0,3.2190012796947e-05,19.3959217366988,1
0.17763352212826,0.258527262836651,0.265444287629887,0,0,1.9559621813155e-05,22.0056458273259,1
1.09510571924445,1.14789874338791,0.505240188929844,0,0,4.48464505057697e-05,19.8343853150342,1
1.78689042668787,1.86695269011892,0.358094072587086,0,0,0.0001196123382469,20.6798854075993,1
0.15602766581277,0.103143428331833,0.375378905495287,0,0,0.00010990596872799,23.859222245953,1
0.826887639164337,0.904303805904249,0.236337497345017,0,0,4.39569667732901e-05,22.361534215004,1
0.155532934431882,0.0683013821334271,0.364197329635143,0,0,7.60218500631265e-05,18.3550914923503,1
0.877716472221662,0.942445279227712,0.71543250917339,0,0,0.000163851367496654,23.6370704344806,1
1.01855162712586,1.11022476726112,0.487259999160003,0,0,1.1375291550923e-05,19.3966465341177,1
0.0903371422969729,0.0329360376818784,1.54292069023277,0,0,8.32927638174481e-06,14.0330096660307,1
1.11288073829231,1.02066576325137,0.731726022346143,0,0,4.88927582420556e-05,20.4526732655916,1
0.0574757919050424,0.142390989014189,0.41087817980182,0,0,8.05398857597019e-06,18.0592892961282,1
1.80318637414089,1.71146404139205,0.0853518757230232,0,0,1.57919649973593e-06,12.9474593227607,1
1.75927220559468,1.82091460270911,0.290715263700916,0,0,5.85021193942409e-05,20.884402717469,1
0.018839582854267,0.0359086113894023,0.256680643841752,0,0,8.87806145191342e-05,19.2533484642371,1
0.796695639844497,0.72506653541862,0.669697336892813,0,0,4.21240387487476e-05,19.6091499561972,1
0.964983137530931,1.04917370321061,0.372634756773685,0,0,5.14238280429569e-05,20.1256365478015,1
0.873888455134797,0.790109676404938,0.778515979501865,0,0,1.45019009713596e-05,10.7253996635755,1
0.147381728256188,0.0643733110159701,0.556029712973217,0,0,4.23815401743305e-05,20.5085752173148,1
0.0816386488136581,0.143575307363847,0.5178872467632,0,0,0.00013020950261488,24.3205209849642,1
0.0972418248757711,0.181252748412305,0.721772610831422,0,0,7.30750530134147e-05,22.9508241319307,1
0.0979934726338597,0.162024600767239,0.0474670387433394,0,0,7.27033029653102e-05,21.2333531965573,1
0.869029403324146,0.956829487661139,0.695287740988299,0,0,4.82341380313672e-05,21.5168280822176,1
0.130526139767241,0.217741600672412,0.597523239927696,0,0,3.25303660875877e-05,21.3941249869045,1
0.921095124254004,0.855507171799928,0.231640141647761,0,0,4.58558190254962e-05,22.3092712247305,1
0.96801914424882,0.890754677990287,0.527661174512186,0,0,6.04858380201538e-05,22.4631230523617,1
0.168993222326577,0.105897554842102,0.679326452144553,0,0,4.85157536807547e-05,22.5682558412478,1
1.14349374665244,1.22382183730707,0.733559396958718,0,0,2.14766191966521e-05,20.4342453280497,1
0.146807315764767,0.206368550750312,0.627351991232214,0,0,0.000236131231820071,23.6088773429336,1
0.0966284185735619,0.00931701404255136,0.00439231374306104,0,0,2.74542884283609e-05,19.6162631174499,1
0.16604274050878,0.0913436160020069,0.272748707908157,0,0,3.71996157801204e-05,21.7842072536223,1
0.154847822479109,0.0935624494238425,0.737214240800405,0,0,0.000194413871892826,23.8109813055246,1
1.13136660597195,1.20155294491346,0.700990210294909,0,0,2.63544414737799e-05,21.7179721649418,1
0.0448839551017014,0.041821991974814,0.329125933792199,0,0,0.00016358488476047,21.6328816834182,1
0.833116218272333,0.918945666747732,0.73223439554981,0,0,1.95878439969718e-05,17.3311632565974,1
0.876337913615272,0.949590700297847,0.257071769583604,0,0,2.74115020241964e-05,19.0816281765578,1
0.15676612683201,0.0799955297141253,0.440616236182468,0,0,0.000179885079167853,23.6334243973151,1
0.954234191017825,1.01571635232443,0.668097567800506,0,0,4.93657921675623e-05,21.240331451037,1
1.78557200464887,1.70815923067624,0.246871193491877,0,0,1.53481948091555e-05,14.5401059108936,1
1.14280173937332,1.20652351228691,0.0485171427182927,0,0,4.56570766069638e-05,21.8649051015846,1
0.927640250182537,0.855678329069605,0.709848932752401,0,0,2.11029833307605e-05,21.8349548361712,1
1.08306150287228,1.00278695652065,0.654686507326254,0,0,2.15394596953993e-05,20.7862302288056,1
1.08910901338497,1.16083009457387,0.156082660521429,0,0,6.84415930705925e-05,20.1968927695833,1
0.125678704721303,0.197993349407028,0.42533577811334,0,0,9.17906170237271e-05,22.7021160245697,1
0.120593597237512,0.0255042697204999,0.445433869243166,0,0,7.56404711734468e-06,13.2889069579667,1
1.76699197017084,1.68741145912054,0.446007060955036,0,0,2.3770162422127e-05,20.864312933493,1
0.844509117288146,0.926886131377216,0.191735900905872,0,0,6.33623992022333e-05,21.5089699090169,1
1.07577812191589,1.15888724922058,0.282854351256169,0,0,1.93542962098035e-06,9.61836559226287,1
0.171505867506004,0.108793737332547,0.298775493878407,0,0,0.000145015245463197,22.9798564816653,1
0.0181067975473978,0.056337118786189,0.405468402145678,0,0,0.000101174030762394,23.3989534543116,1
1.14344465262077,1.06482925957511,0.22191123682822,0,0,0.000110276752337515,21.3209294224719,1
0.0620611621050844,0.00740125003807179,0.491227813737882,0,0,0.000307149513308287,26.173453868956,1
0.0473544358602689,0.0492410033014039,0.618787211480163,0,0,6.8856623165253e-05,22.0926584987883,1
0.157798565992074,0.250709030608448,0.622724068671761,0,0,1.46161710376567e-05,17.8077777509523,1
0.896479335653315,0.982686841149473,0.590584472227103,0,0,3.89116010234102e-05,20.172783378408,1
0.887975437103816,0.95660341597133,0.524278463473627,0,0,8.50330021120326e-05,22.3381554203336,1
0.933260116320124,1.00825892844466,4.33601541445228e-05,0,0,0.000105325759858813,22.7315013675028,1
0.917025460308367,0.992379355925095,0.5389482763565,0,0,2.28537017766428e-05,22.194579596032,1
0.0721851964506782,0.166514769985554,0.421682418258982,0,0,2.89612470310161e-05,19.1916175232404,1
1.02537473239443,0.931011527128078,0.751825191842317,0,0,1.47929633625859e-05,12.5003068695626,1
1.09857640703034,1.17318812169427,0.401664567751916,0,0,1.60467435345897e-05,19.7547850821425,1
1.10616148573383,1.18853504139253,0.262637719646204,0,0,5.56803463405716e-05,21.3863049075821,1
0.17897662187155,0.121406317731982,0.652448671429338,0,0,5.83339831437652e-05,24.7385143140349,1
0.799345553299791,0.870290005294549,0.11069112539856,0,0,2.96003183783404e-05,16.9303539604864,1
0.123431958916807,0.178717521090391,0.286760730724582,0,0,0.000102909673949149,25.9210382748845,1
0.0278957042665302,0.0649251150388181,0.333316385605283,0,0,6.80531967770188e-06,12.2998323270484,1
0.811812916179275,0.727394828332365,0.615107702327771,0,0,3.1309489412973e-05,21.1471856023702,1
1.11411016443412,1.02320333567559,0.503463197546225,0,0,1.07304217854007e-05,16.7763300598043,1
0.998541438712109,0.914666554319069,0.426238229493842,0,0,3.01842714860949e-05,21.695816679403,1
0.95022696690991,1.00266450037327,0.0696296558966705,0,0,0.000225028728155545,24.967875214144,1
0.123621825203713,0.0303415743621827,0.376699621334051,0,0,3.65194258301934e-05,19.6202038823,1
0.999236931945784,1.08931956486424,0.4691034510702,0,0,1.62834355149605e-05,19.0334525926454,1
0.0366346390381833,0.0424923882146118,0.725017185344548,0,0,3.65013142190017e-05,22.8034623199577,1
1.13061752678192,1.04606560625666,0.340442246825804,0,0,4.3533077506246e-05,20.0963083437514,1
1.06549618551656,1.13766928657998,0.0177280116108527,0,0,2.80406336613923e-05,16.8033840156544,1
1.7894135851761,1.87362861969507,0.48810412942106,0,0,4.41461331820626e-05,20.2579155121572,1
0.870379082597665,0.929287348003157,0.340824787017059,0,0,2.01931844335546e-05,20.3395486745525,1
1.11500539302543,1.02009086352598,0.43995326532576,0,0,1.55822370323981e-05,16.3230916528427,1
1.18861954509249,1.12717927791624,0.180213989879364,0,0,1.68343966509404e-06,16.7855913947443,1
1.11111007860696,1.01956095490482,0.284529799052781,0,0,1.66919349981939e-05,19.8550416438347,1
0.0683160749205338,0.148172878418563,0.615672343733593,0,0,4.43659247265335e-05,20.8679166147944,1
0.815276758203426,0.887911576944845,0.460571880620911,0,0,6.08906235845124e-05,22.9413617187125,1
1.0208731389587,1.11644637748122,0.473909607210295,0,0,1.7461450501582e-05,15.7660661036025,1
0.970032680642771,0.903788729473348,0.536043193656132,0,0,0.000218215259028294,20.7582085076995,1
0.0783977180395577,0.00263629006593646,0.366685055013757,0,0,8.38561378133058e-05,22.9922638975728,1
0.157749568452133,0.220364111255549,0.59072370935664,0,0,4.66257275967835e-05,23.2763825369537,1
0.96425300073139,1.0335824095007,0.548994597345714,0,0,5.81880251938468e-05,22.6623266475361,1
1.13302435703044,1.06947493641567,0.747677564024836,0,0,3.47894278526242e-05,18.5144426907464,1
0.880684660119779,0.969204028508216,0.107957413879326,0,0,6.49360564397249e-06,8.56343480139499,1
0.0915187140982312,0.0186782198078106,0.528109338490976,0,0,4.07945835684989e-05,23.1088448843779,1
0.00785771971712916,0.0622727422996832,0.221915832677387,0,0,0.000130811675844083,25.4605624185677,1
1.01543455637091,1.09957802955176,0.540470904886497,0,0,2.27059170208149e-05,21.5191473585242,1
0.167493017065666,0.254763732196238,0.550013670453755,0,0,6.03312118722583e-05,22.3922217971755,1
1.11958748136462,1.05525566689479,0.0891859473553964,0,0,5.81185220255635e-05,22.4551855019658,1
1.04623877345393,1.11922468320657,0.366028518401155,0,0,3.58834886605022e-05,18.3692046590972,1
1.80830225589066,1.88418485286425,0.672923582319205,0,0,1.01928392175988e-05,19.8448749524424,1
0.782497511041564,0.702848456608308,0.620864635738806,0,0,2.13400798964275e-05,21.5477519099249,1
0.869477862549134,0.945360159367908,0.389666381368017,0,0,7.32007991148272e-05,19.9633625453396,1
1.13919887254153,1.05398733577721,0.604765559339878,0,0,1.72261496960574e-05,18.5909996755467,1
1.05648611709939,0.964988316910819,0.473583565770646,0,0,1.37261791182077e-05,21.0055955620794,1
0.928931137762097,1.01695481241973,0.0292568929194381,0,0,1.57238939884031e-05,17.9879299843328,1
0.894026792111551,0.826060372397734,0.0910428912774579,0,0,4.1410207602993e-05,20.5700690479755,1
1.10014887127734,1.17068385149923,0.493248734879876,0,0,0.000126477667550132,21.925675124468,1
0.130605567390864,0.208326782699032,0.548272983731928,0,0,2.2482814617128e-05,18.6212278741703,1
1.77490640777813,1.68718685357385,0.318548310938361,0,0,1.2314163105399e-05,17.0374671424973,1
0.149650067596557,0.0752783393321295,0.109327575048805,0,0,3.4809115872323e-05,22.8203089615962,1
0.808434399925073,0.732496812805323,0.702520935092064,0,0,3.73356389894207e-05,22.3498739445112,1
0.0921331324565216,0.172780297367524,0.637796509395503,0,0,5.88107089203677e-05,18.5598506698979,1
0.0690680787778044,0.165116979077652,0.497654129841678,0,0,7.5382721685856e-06,16.5434257443568,1
1.00738349963855,0.941457134900958,0.211790994884097,0,0,8.96851364094265e-05,19.896395478013,1
0.969254357783384,0.897032458046766,0.556463142275983,0,0,0.000224960965221609,22.6680842919399,1
1.80392980348192,1.74286784820103,0.62570782233924,0,0,2.39679429611698e-05,18.6826039011107,1
0.0387664300087726,0.0264370448250872,0.371665700955812,0,0,8.69484107034312e-05,23.8092338788237,1
1.05275838286629,1.13925747493329,0.110676206623474,0,0,1.43368718193818e-05,13.4311418167895,1
1.82051834013533,1.89345473806696,0.41970390448256,0,0,5.4596734292285e-05,20.929753585291,1
1.00155917480391,0.911982552858717,0.374078720319515,0,0,3.65743397044471e-05,18.9088849913071,1
0.165133072325524,0.0889464806971034,0.690487643447835,0,0,5.121457334785e-05,23.2647480381172,1
0.840238276788624,0.927101452522493,0.488986923222082,0,0,4.16766660348363e-05,22.1205225973084,1
0.154696673964475,0.215095506839134,0.626721927086473,0,0,0.000144824246490937,24.4496379060512,1
1.03663556526615,0.944605594436041,0.612225175517692,0,0,1.32800366337706e-05,14.8135564679001,1
0.0203687009409666,0.104910275471809,0.162616343198181,0,0,5.07644724206406e-05,18.843344624946,1
0.104249080123618,0.0294622393560928,0.0378529787739925,0,0,3.56634618779761e-05,20.2507701615339,1
0.237944775006353,0.152683157656327,0.693075358216959,0,0,2.41536349856275e-05,20.5415122060913,1
1.04731962752548,1.10736242521034,0.437785609576043,0,0,4.06252378449695e-05,21.2054725636866,1
0.836213245353139,0.92541313923698,0.235601370603428,0,0,2.08193155679613e-05,20.0512259637573,1
0.905980191443231,0.842701706648938,0.669495065580653,0,0,5.9227555742966e-05,23.1873905066815,1
0.0288244717288852,0.118375220423104,0.623246707722792,0,0,7.62096804188218e-06,14.4097160657449,1
0.80528242045857,0.725119025476033,0.570640963261165,0,0,9.85428797883948e-05,22.6257251303764,1
0.0446038956221281,0.0432838393203951,0.319361529210536,0,0,4.69790829635528e-05,19.3943684451498,1
1.00324071131664,1.06112762679101,0.300222338978691,0,0,3.22262691464538e-05,22.3390354994957,1
1.7710093272014,1.83094884720109,0.475685871606461,0,0,0.000129298547303474,22.428904866648,1
1.75647267247453,1.68777373808311,0.0313998304355131,0,0,2.98681706677915e-06,10.6487954858118,1
0.795456640604618,0.868811365457617,0.28906783212987,0,0,0.000229429816934935,23.1583061586864,1
0.175357723600458,0.0932865322962471,0.308608483777488,0,0,2.17540528774181e-05,17.933439541441,1
1.81879445448903,1.89238061356897,0.610655049147532,0,0,3.61315297680463e-05,20.786519391875,1
1.04951897832333,0.952731418195924,0.688078092702447,0,0,4.09769149840775e-05,17.1200062167682,1
0.895997543953191,0.957641769084717,0.772446882272503,0,0,0.00067521296029867,24.3753210904257,1
0.840153928639691,0.930497148757297,0.708121163308802,0,0,1.2319233246336e-05,19.661379155176,1
1.05518950088187,0.991822548034719,0.681056092862539,0,0,1.90274528348559e-05,18.0431949624431,1
0.974832424158361,1.0427575093118,0.61651377421061,0,0,2.934374354624e-05,21.4941554734566,1
0.157237924771748,0.0909213423259416,0.0297837136993629,0,0,8.93070480505059e-06,14.3134265160777,1
0.831223432831993,0.907610766104284,0.0889473046225157,0,0,7.64698615400198e-06,14.6204264576985,1
0.123394545674613,0.190966971210344,0.061243815933226,0,0,1.86834737412683e-05,22.8977184904288,1
1.10381429752719,1.02489790827894,0.605010441259423,0,0,3.0242661051556e-05,17.5365622208744,1
0.976719028736607,0.886905966841084,0.361528953781621,0,0,2.4071043480926e-05,21.576598853181,1
0.138058036990543,0.0689797875627676,0.46028449452124,0,0,9.29655173964144e-05,23.5837227665734,1
9.44138350069351,9.38002376020017,0.136370543071143,0,0,9.42441457722387e-06,20.3768393536766,1
1.77092642091278,1.70941181867909,0.441469996201846,0,0,6.22408204911867e-05,21.6759968802363,1
0.881810964771001,0.786533765772958,0.604041810234419,0,0,1.51209582420656e-05,20.4870947916626,1
0.938869763529149,1.0162551698777,0.265195063197955,0,0,6.17804163452532e-06,20.5462321467086,1
0.00392212299038256,0.0649145238354834,0.0634368021459437,0,0,7.65545752568778e-05,22.8555044295535,1
0.0740766932945729,0.134110164440102,0.646933981197519,0,0,7.69246444927813e-05,24.1862646277414,1
1.09599924180928,1.17595531957187,0.725705395481583,0,0,1.29135915017841e-05,19.2774114233166,1
1.66798817872913,1.57689897637289,0.335068370386843,0,0,9.98730237387809e-06,15.6825866372489,1
1.00565583469371,1.08756818982795,0.470172521547322,0,0,3.0938656671154e-06,13.5578988978769,1
0.927309245621808,0.99033927208751,0.232446018762924,0,0,0.000265826176115352,22.6724957857234,1
0.181597792626195,0.267769293911385,0.713512148193584,0,0,2.55227031106507e-05,22.230779753123,1
0.116202419845031,0.0237912170728123,0.0442077003984185,0,0,5.1682531405427e-05,17.3198134121962,1
1.04119501253651,1.10859976038435,0.25342113693112,0,0,7.07554886415217e-05,22.4647907531585,1
0.894732560741224,0.804370005047758,0.0565015114623373,0,0,3.8619303863666e-06,16.721243213061,1
1.06474817889012,1.14268834293676,0.766688337932561,0,0,2.38673172657819e-05,15.8782544223931,1
1.02460010734456,0.956448413412573,0.355843277503162,0,0,4.74301243007518e-05,22.1646977378594,1
0.9019750135485,0.977202533615923,0.772292834643263,0,0,4.52111836622227e-05,22.2760344941984,1
0.0131804837499209,0.092499970000631,0.405860754864946,0,0,9.40141963423403e-06,17.5125854076787,1
1.01806606447645,1.08722829793524,0.447449126636126,0,0,3.01246555585723e-05,19.7054568246239,1
0.0884006619694452,0.0305312370692832,0.0529322343794689,0,0,4.36900582538935e-05,18.5507226974602,1
0.044562241726135,0.111239602991105,0.356035420623803,0,0,3.6716280631255e-05,23.231997773154,1
0.985089072811138,0.910024913644889,0.245386667966429,0,0,5.62562793865099e-05,21.3945183425779,1
1.01859908464834,0.931802570575371,0.354834531913859,0,0,9.06837426771865e-05,21.4388776466644,1
0.897799330171107,0.972242259914196,0.352819446737605,0,0,4.2809365693552e-05,21.8254700722367,1
16.4359629902665,16.3704986824254,3.82681992951859,0,0,4.00772162743387e-06,16.7001645256733,1
0.825620518613703,0.768950437639234,0.572727428419027,0,0,5.143474010738e-05,24.5655788286335,1
1.01659686170829,1.08200283498655,0.26374028859566,0,0,7.03848036023983e-05,18.5930443792626,1
1.03193249715214,0.967036758393249,0.112432434413194,0,0,3.86136963196502e-05,9.92621246550646,1
1.79364324364971,1.85132413691477,0.663290510689354,0,0,6.82836928553383e-05,21.8389885897967,1
0.799126487381251,0.852077314753757,0.433531160955485,0,0,0.000162248310859239,24.449030007191,1
0.806210415311366,0.735224528517932,0.536786087447084,0,0,3.58868345104741e-05,18.1704661672412,1
0.78600570630153,0.840276835549105,0.769832184728757,0,0,0.000177719089713327,25.7830747006417,1
0.805980422890448,0.903413198809233,0.581220882372435,0,0,2.54992385721143e-06,16.4877419720219,1
1.10273529275878,1.00800964126898,0.152441660174584,0,0,5.32505752670634e-06,14.3110559436596,1
0.89817263399158,0.982292136166507,0.193099688016616,0,0,9.89541708535736e-06,21.0823911324031,1
0.883013576616537,0.81443604929828,0.630496127502873,0,0,0.000135818697169817,23.3506291542773,1
0.0172943298017038,0.108685160673247,0.70680207230862,0,0,8.85450660144188e-06,14.3132960191387,1
0.966437541139505,1.01952431546638,0.219637303747473,0,0,0.000196561925860805,24.2434717444258,1
0.916453320776387,0.990315231947562,0.11104395804306,0,0,0.000103403470514656,21.6993252525691,1
0.134279874735483,0.205280731921675,0.436103902516853,0,0,8.25157438804501e-05,23.6619015353482,1
0.916125662206811,0.845723533528542,0.513994285882825,0,0,5.53784278172315e-05,22.8459835383699,1
0.0809312435380019,0.0213312958786958,0.430275324167132,0,0,6.26203996124541e-05,24.0339226117613,1
0.134921001345126,0.203192379501758,0.00879847184851457,0,0,0.000205083879937158,16.8580618502092,1
0.85297323466015,0.786183379630359,0.0215487951120608,0,0,0.000123457655406872,18.3202105829859,1
0.155787316589955,0.230689737833558,0.703022250331379,0,0,1.47010925993828e-05,17.3741734385336,1
0.0301823244122176,0.0610428737729762,0.626564023250898,0,0,1.27940632761068e-05,21.4882018807105,1
0.892700542961221,0.953954066233592,0.346056324158481,0,0,1.27380675820681e-05,17.1787759207158,1
0.0896857743290214,0.0197821866682091,0.273061282665697,0,0,8.59439290436127e-05,22.5025720487653,1
0.985280507580456,0.93016229530491,0.196019420027676,0,0,4.7642740189629e-05,23.4426573386886,1
1.13387793886841,1.22759853072108,0.744896645278683,0,0,3.38873549593557e-05,19.3303785233553,1
0.809508528284872,0.883612417519203,0.077057508950471,0,0,3.69097587237073e-05,23.0266155566518,1
0.111498964403655,0.0175205200209234,0.0942183422770384,0,0,6.06267901085024e-05,22.2156861014067,1
0.872153980545038,0.793411241826277,0.576865044384324,0,0,1.82378240213572e-05,17.2207143276395,1
0.0211146321573468,0.0899229262090842,0.171518967662501,0,0,6.02338286120889e-05,23.7539980318882,1
1.15448865252518,1.20944996833077,0.320391989246892,0,0,0.000235675087863607,23.2714143217708,1
0.0453688586043627,0.128688662685249,0.298477341257608,0,0,4.65876458109889e-05,17.6905445558914,1
1.02199140058193,0.953254098860839,0.226276189808868,0,0,1.08606613407594e-05,18.8597306398956,1
0.816868482532287,0.725451027783549,0.509485916493219,0,0,2.50132389283945e-05,20.8514504998078,1
0.844335962236608,0.790561323928273,0.763504554545905,0,0,0.00010346442985464,23.2125258298442,1
0.0885612228658062,0.0297910127282535,0.00479137342891711,0,0,0.000103151141242005,24.0480967226599,1
0.012053209944692,0.0849254932736869,0.0091428776249749,0,0,0.000159258909338527,24.038078956017,1
0.136917277779944,0.0481709958821739,0.512454551674715,0,0,3.90059012907251e-05,18.1847448292035,1
1.05663889206428,0.973958490659925,0.567294616494184,0,0,3.4761213997545e-05,18.6161437886333,1
0.0277789924547196,0.0567212980241152,0.694308618470871,0,0,2.09383627018043e-05,22.6306722492944,1
0.173422681170019,0.11033665388868,0.0323130002316367,0,0,4.981376393012e-05,20.9566637393208,1
1.12621294559918,1.18166449248912,0.347868212964993,0,0,5.69171771551989e-05,21.6770910876998,1
0.917785636415647,0.997762543228987,0.242849564378702,0,0,3.05985000272904e-05,21.4503753469193,1
1.05582719830415,1.13464181948211,0.490803848171144,0,0,1.44739588527579e-05,18.6334479724945,1
0.0341348574477334,0.110662868735432,0.635871187925275,0,0,1.20533992857748e-05,16.1695749799066,1
0.890095903617139,0.812395244602499,0.487552609075504,0,0,5.72722870032524e-05,20.0350557891466,1
0.967059735234347,0.886166987788556,0.0486593273376315,0,0,7.68138132794357e-05,22.0127437437646,1
0.93055629792624,1.00547168268454,0.334435515023868,0,0,3.15547896788019e-05,21.2031178006771,1
0.919401449973651,0.864106620038115,0.129183318250143,0,0,4.167243610821e-05,19.3520048709642,1
0.0135102514602341,0.0951580518512856,0.507728960823663,0,0,6.59728653829638e-05,18.4535721269489,1
0.93696739763569,1.02807849946436,0.214773670382545,0,0,1.90993985675337e-05,21.3342639406112,1
0.161573758274884,0.0743833127410198,0.278974784429581,0,0,6.31383250267224e-05,22.1331186411349,1
0.997159197005969,0.898976365857379,0.0663925073169014,0,0,1.68396270827332e-05,7.33654602879933,1
1.00703295818857,1.0756268229035,0.227688464793449,0,0,3.29482058303479e-05,21.6007560013526,1
1.01208483635549,1.0680637520924,0.507651499755933,0,0,0.000208107286459591,23.8474887254372,1
0.827315506907467,0.883042266338805,0.455771405131912,0,0,6.99247667266244e-05,24.0849810984518,1
0.913812824642133,0.83852995649849,0.343035040193004,0,0,3.74172379521014e-05,22.458175049131,1
0.852479773192258,0.77389692395991,0.025043680523936,0,0,8.74292748813285e-06,8.67349701830153,1
1.8009651131726,1.87367209727469,0.593375024641382,0,0,3.13306095705331e-05,15.8810796680545,1
1.7883663644507,1.87610198038578,0.544488542137101,0,0,9.0625571123417e-06,11.1466357693428,1
0.833710359348086,0.736398601672647,0.171556508261059,0,0,2.88775770288999e-05,21.5196260697221,1
1.09270494899891,1.01299899148165,0.747849417425954,0,0,4.37379341431105e-06,15.7858581090236,1
1.06637380970548,1.1633746648418,0.217696011891079,0,0,2.8465282805374e-06,9.47385221346945,1
0.150382544058944,0.084072022644051,0.204765412795981,0,0,0.000121034376520436,23.415129708483,1
0.107279595407168,0.198245238435049,0.757797217530831,0,0,3.80079836550185e-05,18.7515410103584,1
1.11941308662977,1.21053516401076,0.0570908301962025,0,0,2.31205662627413e-05,18.6709694462651,1
0.0614799703656609,0.138489822214808,0.630224666080514,0,0,2.77664226271015e-05,22.5561104999028,1
0.102513953009002,0.163343826093381,0.585539662908552,0,0,7.26431443981e-05,24.2783237402947,1
1.1015915153025,1.17017375965062,0.409998983538664,0,0,4.63985873059675e-06,14.9953558111443,1
1.82102582282968,1.90553259478747,0.561327449197645,0,0,1.89627271664579e-05,16.2944038490002,1
0.125795055738656,0.200264929951572,0.508938580732647,0,0,6.03543389868246e-06,18.1660685258491,1
1.03538873278322,1.11722256117298,0.755253369292305,0,0,2.32468970878741e-05,19.4980525401943,1
0.0144035595860118,0.0627345351533677,0.296265544815424,0,0,3.95610028388037e-05,23.5678145337485,1
0.0370499368426375,0.0519937603040717,0.74634836602708,0,0,1.8987862542578e-05,14.4295970543335,1
0.0405385614449058,0.0272307974309456,0.00711999866773816,0,0,7.32524796445483e-05,20.0962616156674,1
0.990970235472766,0.933606662691261,0.0504636054632339,0,0,0.000116191819188955,24.0055912878354,1
1.09506395803607,1.18357526845028,0.322574185409817,0,0,4.50412965704543e-06,5.15884265494218,1
1.00046156683634,0.912365185414671,0.146314502153041,0,0,4.86099099972757e-05,21.6389314230378,1
0.927790061533596,0.835653285824947,0.167998062387017,0,0,1.30601996076268e-05,21.5946082859466,1
1.77464436860848,1.8557510389702,0.247562563218281,0,0,5.78824143200064e-05,20.71438662124,1
6.67554341096725,6.6040044780608,0.173660050679706,0,0,7.96439239225876e-06,16.0644975657487,1
0.100189513952283,0.0117213806790346,0.41392895436668,0,0,2.205660406711e-05,15.3470715645487,1
0.144419761912846,0.217165700160592,0.56179960441154,0,0,9.11881671402341e-06,18.0542455416663,1
0.0251047820531448,0.091255693859523,0.590946359718554,0,0,0.000156336357622392,23.9969864592148,1
1.77143649390462,1.8423552741057,0.673108761115515,0,0,1.09361795995083e-05,20.7491471448424,1
1.09857911159189,1.01303858675857,0.445090933361277,0,0,1.98060278339634e-05,20.8908430156945,1
0.889732834524291,0.795723498645941,0.663985128774296,0,0,1.9473797634289e-05,19.3687909477853,1
1.15398578246173,1.06436985442377,0.000995429883644761,0,0,2.85315019058712e-05,20.002223035254,1
0.898870056189995,0.842127402829874,0.748795384073253,0,0,8.58767502852381e-05,17.6252414748215,1
0.00280710330977804,0.0947895631441042,0.385177887689647,0,0,4.56273109013121e-05,21.1222140984629,1
1.13640439473564,1.05208699384269,0.437690472115742,0,0,5.67913350606157e-05,20.7289683035033,1
0.101030203203013,0.00657566349451599,0.518478588575139,0,0,7.86246177464363e-05,21.4576958151059,1
0.812080734214768,0.868022052852439,0.293532792217223,0,0,0.000335480068733902,23.7129026657716,1
0.0296834885558928,0.111874046921514,0.228433429373602,0,0,1.22970246476351e-05,17.7817473783396,1
0.991083123992979,0.933048083104211,0.45354622614934,0,0,0.000183393935228052,23.2432047647604,1
1.79765113236646,1.86250542210388,0.293672127807319,0,0,5.94899788816062e-05,16.1716345924955,1
0.0575958333718597,0.00735868973904985,0.306067997464293,0,0,7.41067537982324e-05,24.3278161121373,1
0.0253809196640344,0.0797007383887376,0.603020806879474,0,0,7.63608302800885e-05,24.5257831757261,1
0.12045374998191,0.0434291358316727,0.703269312104242,0,0,7.88939754869995e-06,14.2353928908024,1
0.845918055309859,0.929352184885204,0.705509281462385,0,0,2.7679936222856e-05,16.2252205768774,1
0.907319547442369,0.979136455078134,0.4863498786722,0,0,4.89731066968475e-05,22.4269993745631,1
0.126444103528557,0.0587569048114744,0.630489197851912,0,0,5.52132917459128e-05,22.6800981058023,1
1.8136862730689,1.72844603855208,0.113450598443314,0,0,6.92609631325617e-06,19.1608026133044,1
1.81153921628557,1.88150930239394,0.351881244061338,0,0,3.88132503055907e-05,19.5424352299525,1
0.932085703311173,0.862678278606182,0.37825364291531,0,0,9.92537278650718e-05,20.433654327975,1
1.7718844708127,1.86297132942889,0.0333142363747303,0,0,2.07227083995252e-05,20.2224945978584,1
0.862189563065801,0.952810391218634,0.662475313310061,0,0,8.69547907056627e-06,18.2530188455018,1
0.135710212810798,0.0470393706642085,0.501315242496883,0,0,2.43323845295976e-05,18.8066585812813,1
0.88829586863727,0.819743460176824,0.600426383905996,0,0,8.41216924196056e-06,15.6103055288715,1
0.0825807859566625,0.180563614440302,0.58520038764869,0,0,4.74884951341615e-05,19.4141886276468,1
0.0211776781412488,0.0439099465745016,0.195434403626918,0,0,7.6202407561465e-05,24.7373897056088,1
0.888102888784061,0.976374141177132,0.0209133035763227,0,0,4.61893301060747e-05,21.2620754030669,1
1.04069828073775,1.11952488860288,0.520933488521312,0,0,3.59238841718224e-06,19.5260107895447,1
1.11809371306235,1.03164842315488,0.159834665688503,0,0,1.74466396728928e-05,14.1196662420484,1
0.956966110308831,1.01449830786069,0.716421939962163,0,0,5.17379308391509e-05,23.4498160466827,1
1.02921132541018,0.959414890260121,0.671554796324688,0,0,0.000107204200591007,21.6097220278279,1
0.905907968481142,0.814555657116216,0.10709893157269,0,0,5.98718030780293e-05,20.9477992689754,1
0.0703426864449603,0.145597950253972,0.536599828302616,0,0,0.000107029124660001,22.9187560122226,1
0.123343049103602,0.0292845296285122,0.370940331580814,0,0,1.29077635224298e-05,15.6941382778194,1
0.0626695583974922,0.157637482585983,0.250062981250647,0,0,3.96859531401527e-05,21.503047294164,1
0.124973145562829,0.0614384253939591,0.284884284849483,0,0,0.000100331741069184,21.757032054956,1
1.79397203187276,1.86969922510681,0.328310708227429,0,0,5.11803674997774e-05,18.525113094839,1
0.0897158557444432,0.184368750093199,0.595587757840836,0,0,1.79946306201163e-05,19.7827356768747,1
1.77599275510472,1.72041941296192,0.477651598481484,0,0,7.08119088523761e-05,22.1363448037158,1
1.81543898924944,1.90436419630026,0.723599313104955,0,0,2.41182650413996e-05,10.5425351689012,1
0.821995078458919,0.895734396949905,0.0923077806449726,0,0,0.000145142674772854,22.994294860479,1
1.77306010201268,1.86212839978151,0.260672916944237,0,0,1.27732170538192e-05,17.6043714745905,1
0.918739006714802,0.982778150131907,0.332226885402996,0,0,7.88597971959503e-05,23.4502806269151,1
0.0282213785182759,0.104133190551295,0.448060076959768,0,0,9.67656818444002e-05,23.5150735567861,1
0.932089882384247,1.02566427266407,0.27047613247391,0,0,4.71574400811996e-05,20.738324827904,1
1.12910033432123,1.03548156370891,0.685782173394202,0,0,1.23423546337713e-05,15.7268084921008,1
0.811279555627342,0.887773870508227,0.160234599013101,0,0,2.52906015803027e-05,17.4314421932365,1
0.788945809838576,0.69511986111803,0.366998142011592,0,0,4.58923134728474e-05,15.5104588070426,1
0.834094449160411,0.920257362548739,0.166054041220247,0,0,4.31892693965265e-05,21.5735395549242,1
1.1094271737142,1.19724342205956,0.435431496671846,0,0,1.74383304118594e-05,15.791263386745,1
0.925802032853702,0.984100967388287,0.392553678678945,0,0,7.52559600971104e-05,21.3514252259011,1
0.00992077051234881,0.0441124603397895,0.419442564319622,0,0,0.000233553836215033,24.4961428309411,1
1.1415899392523,1.22536020178302,0.536146919769203,0,0,1.7011937324913e-05,20.5802992254547,1
0.988174574244689,1.04167727164821,0.197495190228109,0,0,0.000412302649823546,24.7050340368767,1
0.146208277820773,0.232748173007224,0.693720642206799,0,0,1.9244173567592e-05,21.5734759515156,1
0.00303811177028053,0.0825700348422629,0.404873678325018,0,0,3.21661153239683e-05,23.5920260622041,1
1.02287904574747,0.961514940985893,0.535405612633815,0,0,5.5781900629966e-05,23.4188650227118,1
0.818067884113068,0.902669095502802,0.134514335239,0,0,2.10432150176186e-05,19.0672846495246,1
0.833924966577502,0.889918524918215,0.346719909632984,0,0,0.000196832444029994,24.6661559373683,1
0.852145620066981,0.922486287744846,0.413135564465279,0,0,1.66178485748762e-05,21.7524369661719,1
0.880603519734648,0.955711225645672,0.126365392791122,0,0,4.25939725026795e-05,22.6959466887032,1
0.181528342306976,0.256196579501221,0.639921215798374,0,0,0.000106231171131928,23.149155569526,1
1.0101090048685,0.927423198760266,0.217568446626441,0,0,3.32198517673952e-05,16.3016452368932,1
1.07035655424718,0.99670888330013,0.0441111609282436,0,0,7.82504853691461e-05,21.8744689814144,1
1.837722836218,1.76377086807827,0.256448482723101,0,0,8.76339507209046e-06,6.54525153170922,1
0.1065973080846,0.199841711932493,0.33724299563327,0,0,1.84858874558001e-05,18.8286906592342,1
0.00600700332842793,0.079867289471963,0.161134322817764,0,0,4.44124774886645e-06,15.194569160114,1
1.81852262503294,1.90698756376094,0.732247624235214,0,0,2.33235296859359e-05,20.0130381955844,1
0.915002498277492,0.844243588384757,0.0638546940487141,0,0,2.08785764983478e-05,22.3682510115562,1
1.07661147913393,0.99987928699548,0.602089662095654,0,0,4.78947746130689e-05,19.526006266206,1
0.117769683240156,0.0485493083742767,0.590096613135906,0,0,6.07075283285179e-05,23.7194519360434,1
1.00220014814423,0.937096091957358,0.295528602194249,0,0,6.00307140376277e-05,20.5904402236091,1
1.04626369766512,0.975221986586689,0.310577015460763,0,0,4.24628527596512e-05,22.2094796051861,1
0.102423758316021,0.166492855971001,0.499024772140708,0,0,0.000174697290091185,24.4254199829087,1
0.000197568436084653,0.0908938224413873,0.685035272500361,0,0,2.0406820975272e-05,22.449806828509,1
0.955104823829708,0.880904859935555,0.749595684546917,0,0,6.08588131928553e-05,22.0657425659043,1
0.00926464605890059,0.0809169145817918,0.31644081041123,0,0,3.83056485421102e-05,22.1667900005229,1
0.0367782659674715,0.0394064827069656,0.157216920941533,0,0,3.47200858591911e-05,22.2361295521657,1
0.839900113513695,0.761640931819727,0.416110525516304,0,0,4.73806065270376e-06,18.398753140963,1
0.0244353358200386,0.0677141905932785,0.459338671858895,0,0,1.03827753472049e-05,10.72837349123,1
1.7716473061588,1.71612920446341,0.614416736014355,0,0,6.58559612806303e-05,22.4993568063322,1
0.857825230445832,0.782448925410989,0.514823783148632,0,0,4.49424761317823e-05,22.1142075632347,1
0.987813957240884,1.05859851652431,0.372937259985776,0,0,5.87661682159492e-05,22.8555141273264,1
0.939933911773993,1.03116181163256,0.483124178392009,0,0,3.28506635050132e-05,20.1954192416928,1
0.0365784912407887,0.0268437455553965,0.767083480454886,0,0,0.000112830469483373,24.636601563272,1
0.903187275700624,0.837698576559347,0.563380421651573,0,0,3.32632874657731e-06,16.2883419201816,1
0.993509106396981,0.89768140798077,0.627408488974538,0,0,3.58162944874691e-05,20.8486911034855,1
1.05948922246755,0.962953287563721,0.0688049340326315,0,0,5.1355980252389e-05,20.0260304552193,1
0.972545492344711,1.03104223191551,0.564233256551599,0,0,1.65569850256114e-05,20.9738757649367,1
1.03418791088098,0.951933833899488,0.410326395823432,0,0,4.01771896644312e-05,20.2446417415855,1
129.826866875794,129.725763151905,0.0117362625646842,0,0,2.28838141447047e-06,8.82678546031632,1
0.131918601918404,0.228393628691606,0.50287742362228,0,0,4.89879238020578e-05,21.8624181721098,1
1.7956569470423,1.84877386876454,0.262118942217548,0,0,0.000155818755916419,22.3933216699052,1
0.0745134953531841,0.00873856545331364,0.369252935315576,0,0,1.03555589981656e-05,16.1701202613484,1
0.15323333055064,0.22886689407693,0.188174840161242,0,0,8.14587427677924e-05,23.0939846329622,1
1.02771985292049,0.942254510634825,0.762958577354327,0,0,0.000109426341213777,21.3262916209911,1
0.18434972997807,0.239266485144213,0.145270688181613,0,0,8.59015217430079e-05,24.8493385848568,1
0.832770464813854,0.751665079798784,0.0789492702032382,0,0,1.39108485151113e-05,13.994839992829,1
0.921980242018392,0.858170787947103,0.404121591728185,0,0,0.000206469203083325,23.1515692344214,1
0.144114172095076,0.0558977967726264,0.626380668017248,0,0,4.58947861294131e-05,17.7368408596843,1
1.12151998151633,1.20988649206947,0.495673432808446,0,0,2.46209135699105e-05,20.2329689791146,1
0.00730121395711972,0.0599373360983577,0.659514266906314,0,0,8.33158161978919e-05,26.0417466388207,1
0.144122982482378,0.0642678762202991,0.136773133081109,0,0,8.73053981348414e-06,13.936787042715,1
0.814871547325069,0.734540650795509,0.327003475584608,0,0,1.057386189159e-05,17.255640399563,1
1.09672791926188,1.16220522785309,0.764098522747769,0,0,7.24588930209723e-05,21.4750703882045,1
0.962588786953812,0.902406056999752,0.764213461838942,0,0,2.64853522337813e-05,13.1907100425468,1
1.81590686488791,1.72899153056665,0.0101400171343915,0,0,2.18921479450206e-05,20.0311277000377,1
0.917723336507692,0.859241098809463,0.323472511963098,0,0,0.000214131816562521,24.457573238362,1
0.0314434740071231,0.0915018709181368,0.127919694931425,0,0,0.000183619604226823,25.1162292161434,1
0.183642217040634,0.126194711032326,0.56648436609972,0,0,8.62908881699544e-05,19.7677101312862,1
0.108911131663436,0.0250410463914363,0.00403888046709167,0,0,2.92622379696413e-05,12.6968820289406,1
1.01436364545133,1.10614344234841,0.689119989706457,0,0,7.21699662931395e-06,10.0147997928177,1
0.0869400353627622,0.00115776875338724,0.113493034110162,0,0,1.15516354875753e-05,19.3857403756762,1
1.04614659046936,1.11020298121082,0.545549168336031,0,0,3.72333076883189e-05,21.8282919817046,1
0.135914024928704,0.205047029763307,0.0806856793507613,0,0,1.51819604811853e-05,16.0510829582459,1
1.04876016416278,1.13649488374028,0.261773030913439,0,0,1.34857206669237e-05,20.4567729645797,1
1.06110046680643,0.978324628913299,0.653323138813281,0,0,3.16204794828014e-05,20.5385801999713,1
0.805500582701542,0.736130352155868,0.730789762789474,0,0,0.000133410770915876,23.1910315945419,1
1.01491878041959,1.09341121447619,0.335120065094927,0,0,6.01991988567006e-05,21.8957990009961,1
0.838214297453319,0.764058878362391,0.236193979030944,0,0,9.77746003759649e-05,22.3927903049688,1
1.00693028704702,1.07879003776236,0.0323154017493004,0,0,0.000128694339983922,22.3768189599338,1
0.186337808254775,0.254215418551212,0.441927840211396,0,0,5.34522307681633e-05,19.960365804351,1
0.897364295019081,0.962048329183801,0.696702009716436,0,0,0.000131254047261224,23.1182684505866,1
1.14480115322544,1.06104348119487,0.533634401208602,0,0,7.17095699410887e-05,20.4421122723878,1
1.74565230260524,1.6526690502206,0.720676803417899,0,0,1.20896347016555e-05,13.3341271504516,1
0.81484730237259,0.738460289188055,0.206785353330571,0,0,3.49509849480149e-05,21.1183306997462,1
1.12556147092854,1.03893428083433,0.241075721945234,0,0,3.07584117319916e-05,20.5086662414741,1
0.0115715717196925,0.103124006775033,0.525394109459089,0,0,5.08709545320234e-05,17.3145437486137,1
1.00663298086712,1.09785631652869,0.20993102533197,0,0,1.51685322816699e-05,11.0213817264897,1
1.04557613717466,0.957058001565315,0.364650648707888,0,0,3.83516455147556e-05,21.1725539003383,1
1.12349940628546,1.21396762533061,0.566009164248294,0,0,3.34360372249249e-05,20.4861356360563,1
0.00279577072647904,0.0942024948295739,0.36746568129789,0,0,5.63814947626977e-05,22.3939668610697,1
0.0605434367096939,0.0291103412097868,0.673057296802035,0,0,1.81460032351813e-05,21.1154939240111,1
1.08938265388939,1.16273784932815,0.571361839373068,0,0,3.25677334996621e-05,21.7771683509427,1
1.22787315225463,1.15464121759004,0.024611409460443,0,0,7.32595700276514e-06,17.9440084595513,1
0.113907895278028,0.0497717796057771,0.0190486739731857,0,0,7.13339103472639e-05,22.9281441837518,1
0.0341634243430918,0.103117778701488,0.386025765409656,0,0,2.18981238675084e-05,22.4884181527323,1
1.15265231667395,1.22849075295343,0.449460477809152,0,0,1.42095108357209e-06,9.4757554628898,1
0.889673596328921,0.977440221857933,0.223770968586773,0,0,1.19696800341277e-05,18.5444315506308,1
0.989546953576469,1.08406279371792,0.344109202456679,0,0,4.05891364561377e-05,21.2659320617264,1
1.48053602388136,1.4155781333919,0.498785422270414,0,0,6.56352577492276e-06,19.7290837520072,1
1.15326134542151,1.09537221887663,0.314638710366186,0,0,3.47784087667167e-05,22.1756136923706,1
0.817565106425556,0.74000101942778,0.624278476032142,0,0,2.83736853202605e-05,22.3857000526573,1
0.978930026124812,1.06531423867995,0.558487800751571,0,0,4.48492893638056e-05,21.5207464341366,1
1.80991179720657,1.88253729250744,0.305105016585915,0,0,2.47191398271321e-05,20.5544184809313,1
0.820459900574078,0.746794269805463,0.360766628388033,0,0,0.00013791817852435,22.546373244387,1
0.0756753664075467,0.0145011317041792,0.107698396454414,0,0,1.48018946578584e-05,18.2864940526578,1
1.10873039624981,1.01831638426239,0.20754674914282,0,0,5.20066345274948e-05,20.9909631323364,1
0.148003415009093,0.211880335496005,0.409763853838118,0,0,6.27427728851479e-06,18.2152101416973,1
1.06923133235105,1.0151691426511,0.379190414471253,0,0,6.39530878710027e-05,23.2460703649079,1
0.0880258666121891,0.179217068980961,0.267092039305346,0,0,2.91648695305029e-05,21.2357035975381,1
0.0492808393309507,0.105469349727144,0.518608298182026,0,0,0.000252257623543627,24.3753382391312,1
0.802422698348668,0.712016896263037,0.317589423395491,0,0,8.39456378395795e-06,16.1142809123007,1
0.959930771754975,1.04759184368402,0.0391714610637092,0,0,2.42440430150184e-06,11.496982419094,1
1.05715686682634,0.991182824029437,0.455867118911525,0,0,4.19323942107376e-06,3.32779271633728,1
